Nummer,name_sanitized,long,lat,Name,Kürzel
4972,"Fürsteneck, Abzw Bf",13.470781,48.717882,"Fürsteneck, Abzw Bf",PFAB
4792,"Fürsteneck, Metzgerei Stegbauer",13.461119,48.7209698,"Fürsteneck, Metzgerei Stegbauer",4792
4320,Voglöd bei Prag,13.4729365,48.7142295,Voglöd bei Prag,PVOG
4887,"Guttenhofen, Abzw",13.52781,48.7149835,"Guttenhofen, Abzw",PAGH
4429,"Künzing, Römerbad Quintana",13.0957065,48.6671511,"Künzing, Römerbad Quintana",4429
4633,Gatzerreuth,13.424887,48.732008,Gatzerreuth,4633
4632,Ilzrettenbach,13.4295445,48.726307,Ilzrettenbach,4632
4631,Kafering,13.436059,48.7181935,Kafering,4631
4634,Rappenhof,13.414531,48.7365645,Rappenhof,4634
4635,"Witzingerreuth, Abzw",13.4053755,48.741483,"Witzingerreuth, Abzw",4635
4629,"Enzersdorf, Kirche",13.421789,48.7128165,"Enzersdorf, Kirche",4629
4630,Spitzendorf,13.438474500000002,48.7137985,Spitzendorf,4630
4628,Witzmannsberg bei Tittling,13.4133115,48.7145915,Witzmannsberg bei Tittling,PDWI
4569,"Bichlberg, Abzw",13.201752,48.6870805,"Bichlberg, Abzw",4569
4573,Hofstetten bei Eging,13.2389455,48.695181000000005,Hofstetten bei Eging,PAHO
4328,Jederschwing,13.233732,48.704709,Jederschwing,4328
4324,Kroißenhof,13.2429615,48.70805,Kroißenhof,4324
4327,Kroißenmühle,13.238779999999998,48.707368,Kroißenmühle,4327
4572,"Mühlreit, Abzw",13.230251,48.6955865,"Mühlreit, Abzw",4572
4574,"Otting, Abzw",13.250328,48.6963085,"Otting, Abzw",4574
4571,Rannetsreit,13.216161,48.691444,Rannetsreit,4571
16066,Alzenhof,13.2514657,48.7204665,Alzenhof,16066
12425,Eging am See,13.272393,48.7123744,Eging am See,12425
938,"Eging, Abzw Kurhaus",13.280303,48.718139,"Eging, Abzw Kurhaus",PEAK
5527,"Eging, Auto Osterer",13.266503,48.7144765,"Eging, Auto Osterer",5527
5528,"Eging, Bahnhof",13.279159,48.712822,"Eging, Bahnhof",PDEB
4545,"Eging, Gh. z. Linde",13.264199,48.711156,"Eging, Gh. z. Linde",PDEL
4546,"Eging, Marktplatz",13.270357,48.712498,"Eging, Marktplatz",PAEM
4547,"Eging, Postamt",13.275091499999998,48.713816,"Eging, Postamt",PAEP
16065,"Eging, Wiesenweg",13.2765266,48.7057297,"Eging, Wiesenweg",16065
4627,Harmering,13.2930185,48.7226095,Harmering,PHAR
4926,Hörmannsdorf bei Thannberg,13.2763545,48.735582,Hörmannsdorf bei Thannberg,PHÖT
16085,Kollmering,13.2294387,48.7615101,Kollmering,16085
4575,"Loipfering, Abzw",13.2606315,48.7039875,"Loipfering, Abzw",PLOA
4323,"Loipfering, Ort",13.2575145,48.705803,"Loipfering, Ort",PLPO
4552,Neuloipfering,13.260635,48.7039885,Neuloipfering,4552
4549,"Neuloipfering, Endl",13.259673,48.699552,"Neuloipfering, Endl",4549
4544,Ruberting/Pullman City,13.2608425,48.6973565,Ruberting/Pullman City,PRPC
4560,"Englburg, Abzw",13.337515,48.7252345,"Englburg, Abzw",4560
4624,"Fürstenstein, Abzw Bf",13.335158,48.7163145,"Fürstenstein, Abzw Bf",4624
4559,"Fürstenstein, Abzw Schloß",13.3337427,48.7215166,"Fürstenstein, Abzw Schloß",4559
4558,"Fürstenstein, Gh. Kerber",13.328491,48.71937,"Fürstenstein, Gh. Kerber",4558
4557,"Fürstenstein, Raiffeisenbank",13.329645,48.7170605,"Fürstenstein, Raiffeisenbank",PAFR
10173,"Fürstenstein, Rathaus",13.329348,48.7156495,"Fürstenstein, Rathaus",PFRH
11056,"Fürstenstein, XXXLutz",13.326301333333332,48.71679633333334,"Fürstenstein, XXXLutz",11056
1132,Hinterberg bei Fürstenstein,13.3428395,48.71292,Hinterberg bei Fürstenstein,1132
16070,Kollnberg,13.3179629,48.7339757,Kollnberg,16070
4622,"Oberpolling, Gh Weber",13.347834,48.7074575,"Oberpolling, Gh Weber",PAOW
4625,Peigerting,13.318056,48.719888,Peigerting,4625
4626,Reutherfurth,13.3091185,48.7268765,Reutherfurth,4626
16416,Reutherfurth-Oed,13.3065221,48.7272743,Reutherfurth-Oed,16416
4561,Eisensteg,13.355014,48.7312515,Eisensteg,4561
16084,Gneisting bei Tittling,13.360614990787074,48.7229761,Gneisting b. Tittling,16084
4637,Hörmannsdorf bei Tittling,13.377995,48.7418015,Hörmannsdorf bei Tittling,PHÖR
4621,Kapfham bei Fürstenstein,13.3479375,48.692735,Kapfham bei Fürstenstein,4621
16075,Kothingrub,13.3959337,48.7524532,Kothingrub,16075
4636,Loizersdorf,13.391865,48.7426105,Loizersdorf,4636
4618,Preming,13.3766705,48.717893,Preming,PPMG
8079,Roitham,13.393573,48.71671,Roitham,8079
11166,Schneidermühle,13.403634,48.756304,Schneidermühle,11166
4620,Stockreuth,13.35798,48.686856,Stockreuth,PSRT
16073,Stützersdorf,13.3712894,48.7486518,Stützersdorf,16073
4449,Taubenweid,13.352778,48.727354,Taubenweid,4449
12438,Tittling,13.3806245,48.7278412,Tittling,12438
0,Tittling Eurospar,13.3791801,48.7218468,Tittling Eurospar,0
4562,"Tittling, Altersheim",13.3741585,48.730411,"Tittling, Altersheim",PTIA
5791,"Tittling, Hötzendorf",13.367252,48.731170500000005,"Tittling, Hötzendorf",5791
4563,"Tittling, Marktplatz",13.3804315,48.728014,"Tittling, Marktplatz",PATM
5575,"Tittling, Realschule",13.377548,48.728247,"Tittling, Realschule",PTRS
16079,Trasfelden,13.4015947,48.7321877,Trasfelden,16079
4617,Wildenberg bei Tittling,13.374587,48.7130345,Wildenberg bei Tittling,4617
5569,"Farnham, Abzw",13.4038215,48.710338,"Farnham, Abzw",PDFH
8078,"Höherberg, Abzw",13.412808,48.695647,"Höherberg, Abzw",8078
5570,Stallham,13.4098425,48.7008165,Stallham,5570
4568,Garham bei Vilshofen,13.1967205,48.684679,Garham bei Vilshofen,PAGA
4566,Reitern,13.182652,48.67779899999999,Reitern,4566
4567,Solla,13.1883545,48.6829545,Solla,4567
4553,Renholding bei Aicha(Autobahn),13.263831,48.667044,Renholding b.Aicha(Autobahn),PREN
5574,"Aicha v.W., Abzw Haselbach",13.299835,48.677788,"Aicha v.W., Abzw Haselbach",PAAH
4183,"Aicha v.W., Gemeinde",13.289344,48.672397,"Aicha v.W., Gemeinde",PAAG
4550,"Aicha v.W., Marktplatz",13.2915795,48.671846,"Aicha v.W., Marktplatz",PAAM
5996,"Aicha v.W., Schloßbreite",13.296734,48.6730205,"Aicha v.W., Schloßbreite",PAIS
4594,"Aicha v.W., Vilshofener Str.",13.292426,48.6713905,"Aicha v.W., Vilshofener Str.",PAVS
5275,Arbing bei Aicha v. W.,13.3036215,48.677122,Arbing bei Aicha v. W.,PAAR
4528,"Fickenhof, Abzw",13.2691295,48.685454500000006,"Fickenhof, Abzw",4528
4527,Klingermühle,13.2785335,48.6793575,Klingermühle,4527
906,Niederham bei Aicha v. W.,13.300747,48.6660805,Niederham bei Aicha v. W.,906
8083,Silling,13.2767855,48.6681205,Silling,8083
4536,"Silling, Abzw",13.274052,48.67132,"Silling, Abzw",4536
4180,Weferting,13.326921,48.67992,Weferting,PAWF
4530,"Wollmering, Abzw",13.2647465,48.692875,"Wollmering, Abzw",4530
4554,"Nammering, Bf",13.3089185,48.6960895,"Nammering, Bf",PDNB
4538,"Nammering, Blumen Koller",13.309987,48.702357,"Nammering, Blumen Koller",4538
4555,"Nammering, Gh. Feichtinger",13.310372,48.7032685,"Nammering, Gh. Feichtinger",PANF
4556,Paradies,13.3182385,48.7069525,Paradies,4556
4576,Renholding bei Nammering,13.3043585,48.687521,Renholding bei Nammering,4576
1594,"Renholding, Gh zur Mauth",13.303694,48.683496,"Renholding, Gh zur Mauth",1594
4614,"Neukirchen v.W., Rathaus",13.382881,48.6867845,"Neukirchen v.W., Rathaus",PNEU
4619,Pilling,13.3709085,48.681797,Pilling,PAPI
4615,Weiding bei Neukirchen v.W.,13.38425,48.694515,Weiding bei Neukirchen v.W.,4615
4945,"Weiding, Abzw Neppersdorf",13.3843815,48.69676200000001,"Weiding, Abzw Neppersdorf",4945
4423,Witzling bei Neukirchen v. W.,13.380197,48.6811485,Witzling bei Neukirchen v. W.,4423
8076,Auretzdorf,13.46947,48.68573,Auretzdorf,8076
4586,"Auretzdorf, Abzw",13.4745085,48.684231,"Auretzdorf, Abzw",PAAU
5571,Büchl,13.41784,48.6932525,Büchl,5571
5573,Haag bei Hutthurm,13.435404,48.6910145,Haag bei Hutthurm,PDHA
4944,"Kalteneck, Abzw Bahnhof",13.453113,48.688781500000005,"Kalteneck, Abzw Bahnhof",PDKB
4954,"Kalteneck, Bahnhof",13.453204,48.688993,"Kalteneck, Bahnhof",PKAB
4943,"Kalteneck, Fuchsmühle",13.455924666666666,48.68656633333333,"Kalteneck, Fuchsmühle",PKAF
4587,Lenzingerberg,13.480271,48.692792,Lenzingerberg,PLEN
16013,Richting,13.4311874,48.683213,Richting,16013
8077,Streifing,13.420677,48.692086,Streifing,8077
5572,Weg bei Hutthurm,13.42776,48.6912985,Weg bei Hutthurm,5572
11441,"Großthannensteig, Abzw.",13.5103125,48.6995895,"Großthannensteig, Abzw.",11441
15030,"Großthannensteig, Abzw. Saderreut",13.509615,48.691046,"Großthannensteig, Abzw. Saderreut",15030
4963,"Großthannensteig, B12",13.5095795,48.691082,"Großthannensteig, B12",PGRO
15031,"Großthannensteig, Wendeplatte",13.506683,48.689748,"Großthannensteig, Wendeplatte",PGWP
4590,Niederpretz,13.5108515,48.716435,Niederpretz,4590
4796,Oberpretz,13.5006555,48.705453,Oberpretz,POPZ
4588,Prag,13.482507,48.7049385,Prag,4588
4797,"Prag B12, Abzw",13.510268,48.6995955,"Prag B12, Abzw",PAPG
5317,"Prag St 2321, Abzw Wimperstadl",13.509315,48.700281,"Prag St 2321, Abzw Wimperstadl",5317
4795,"Prag, Auto Fisch",13.4855435,48.7055535,"Prag, Auto Fisch",PPRA
4986,"Prag, Kaltenecker-Str.",13.4812375,48.705314,"Prag, Kaltenecker-Str.",4986
4589,Tragenreuth,13.4885385,48.7126955,Tragenreuth,4589
15034,"Tragenreuth, Abzw",13.47846,48.711715,"Tragenreuth, Abzw",15034
4886,Vendelsberg,13.522482,48.7075395,Vendelsberg,4886
4885,Wimperstadl,13.5223895,48.7040725,Wimperstadl,4885
4591,Guttenhofen,13.521209,48.7150355,Guttenhofen,4591
4951,"Bärnreuth, Kapelle",13.566872,48.691043,"Bärnreuth, Kapelle",4951
4950,"Bärnreuth, Sägewerk Winkler",13.5715045,48.692761,"Bärnreuth, Sägewerk Winkler",4950
4816,"Denkhof, Auto Schanzer",13.5342285,48.7077005,"Denkhof, Auto Schanzer",PADA
4955,Germannsberg,13.537147999999998,48.701767,Germannsberg,4955
11440,"Germannsberg, Waldk. Str.",13.536565,48.702008000000006,"Germannsberg, Waldk. Str.",11440
16060,Nirsching bei Büchlberg,13.5394568,48.6901893,Nirsching b. Büchlberg,16060
5489,Windpassing bei Germannsberg,13.545478,48.6956615,Windpassing bei Germannsberg,PWIN
4953,Wotzing,13.5506495,48.6901495,Wotzing,4953
4952,"Wotzing, Abzw",13.5592255,48.687434,"Wotzing, Abzw",4952
6013,Haselberg,13.707826,48.682153,Haselberg,6013
6302,Hirschenberg,13.77058,48.669557,Hirschenberg,6302
9776,"Hirschenberg, Abzw",13.7414375,48.6842745,"Hirschenberg, Abzw",9776
9774,Niederneureuth,13.704854,48.677394,Niederneureuth,9774
5657,Sonnen,13.723808,48.684884333333336,Sonnen,PSON
9775,"Sonnen, Birkenweg",13.7285725,48.6859505,"Sonnen, Birkenweg",9775
16357,"Sonnen, Niederneureuth 3 A",13.6990598,48.6720832,"Sonnen, Niederneureuth 3 A",PSND
9779,Gegenbach,13.7674545,48.6899495,Gegenbach,9779
6300,Jägerbild,13.7548815,48.685128,Jägerbild,6300
9992,"Jägerbild, Abzw",13.756314,48.6856055,"Jägerbild, Abzw",9992
9778,"Jägerbild, Abzw Raumreuth",13.761329,48.689479,"Jägerbild, Abzw Raumreuth",9778
8787,Kramerberg,13.739807,48.693983,Kramerberg,8787
8786,Rastbüchl,13.751336,48.701585,Rastbüchl,8786
9780,Schönberg bei Breitenberg,13.779247000000002,48.6922985,Schönberg bei Breitenberg,9780
6301,"Spiesbrunn, Abzw",13.767675,48.6754645,"Spiesbrunn, Abzw",6301
8785,"Ungarsteig, Abzw",13.775651,48.70547,"Ungarsteig, Abzw",8785
5425,"Breitenberg, Passauer-Str.",13.793847,48.70300400000001,"Breitenberg, Passauer-Str.",PABR
4971,"Breitenberg, Rabenbauer",13.794046,48.703952,"Breitenberg, Rabenbauer",4971
5426,"Breitenberg, Schule",13.792952,48.707108,"Breitenberg, Schule",PABS
5431,"Gollnerberg, Schuhkapelle",13.796094,48.680172,"Gollnerberg, Schuhkapelle",5431
5422,"Gollnerberg, Schule",13.793637,48.6761255,"Gollnerberg, Schule",5422
5421,Hangerleiten,13.790221,48.6748365,Hangerleiten,5421
5430,"Hangerleiten, Kronawitterkapelle",13.7890175,48.6658105,"Hangerleiten, Kronawitterkapelle",5430
5424,Stampferbrücke,13.786288,48.694331000000005,Stampferbrücke,PSTB
5423,Weidinger-Holz,13.7903385,48.6876445,Weidinger-Holz,5423
5561,"Seehof, Abzw Leithen",13.1194525,48.689106,"Seehof, Abzw Leithen",5561
11900,"Albersdorf, Abzw. Hirnschnell",13.192473,48.645931,"Albersdorf, Abzw. Hirnschnell",11900
4542,Dobl bei Vilshofen,13.195172,48.656824,Dobl bei Vilshofen,4542
5564,Gelbersdorf,13.138451,48.6657615,Gelbersdorf,5564
5565,Hilgartsberg,13.148739,48.662055,Hilgartsberg,5565
4565,"Neustift bei Garham, Abzw",13.1831635,48.6693025,"Neustift bei Garham, Abzw",4565
5563,Oberschöllnach,13.128703,48.671609,Oberschöllnach,POBS
5566,"Phillipswart, Abzw",13.1578045,48.656648,"Phillipswart, Abzw",PPPW
4543,"Pirka, Abzw Zaundorf",13.1805525,48.6607465,"Pirka, Abzw Zaundorf",4543
4548,"Pirka, Auto Berger",13.180575,48.6637535,"Pirka, Auto Berger",4548
4086,Desching,13.257983,48.652004,Desching,4086
8081,Haseneck,13.2373175,48.6524505,Haseneck,8081
8080,Punzing,13.226103,48.656672,Punzing,PPUN
16126,"Rathsmannsdorf, Kriegerdenkmal",13.25104175420998,48.6589163,"Rathsmannsdorf, Kriegerdenkmal",16126
4534,"Rathsmannsdorf, Schloß",13.2482712,48.657857,"Rathsmannsdorf, Schloß",PRAP
4085,Stetting,13.267597,48.640058,Stetting,PSTT
4181,Boderding,13.3261045,48.6512075,Boderding,4181
8180,Edt bei Aicha v.W.,13.333445,48.6816195,Edt bei Aicha v.W.,8180
8091,"Ganharting, Abzw",13.3429495,48.6829535,"Ganharting, Abzw",8091
4531,Hatzing,13.312367,48.6323045,Hatzing,4531
4532,Hidring,13.3052915,48.630553500000005,Hidring,4532
8087,"Hidring, Abzw",13.305284,48.6305535,"Hidring, Abzw",8087
2393,Höbersdorf,13.322358,48.62798,Höbersdorf,2393
4526,"Kirchberg, Ebersbergerstr.",13.3198045,48.646513,"Kirchberg, Ebersbergerstr.",PAKE
4525,"Kirchberg, Raiffeisenbank",13.3253785,48.6470035,"Kirchberg, Raiffeisenbank",PAKB
4521,"Kirchberg, Wiederleiten",13.3277625,48.6450995,"Kirchberg, Wiederleiten",PAKW
1266,Klessing bei Ranzing,13.35168,48.663705,Klessing bei Ranzing,1266
8090,Minsing,13.343497,48.680475,Minsing,8090
8092,Neusessing,13.329076,48.689077,Neusessing,8092
4529,Oberndorf bei Kirchberg,13.3246405,48.635834,Oberndorf bei Kirchberg,4529
8088,"Oberndorf bei Kirchberg, Abzw",13.318749,48.636897,"Oberndorf bei Kirchberg, Abzw",8088
2394,Ratzenleithen,13.325166,48.622857,Ratzenleithen,2394
4772,Ritzing bei Tiefenbach,13.3443655,48.665516,Ritzing bei Tiefenbach,4772
4178,"Ritzing, Stadlerhaus",13.337586,48.6681465,"Ritzing, Stadlerhaus",4178
4182,Rötzing,13.3148125,48.6574265,Rötzing,4182
16607,Wiening,13.3542392,48.6811393,Wiening,16607
4177,Geferting,13.3592115,48.650692500000005,Geferting,4177
4494,"Götzing, Abzw",13.3852495,48.623484000000005,"Götzing, Abzw",4494
4176,Haselham,13.359963,48.644893,Haselham,4176
4175,Hirzing,13.365002,48.6366585,Hirzing,4175
4495,Hörmannsberg,13.3693465,48.6283615,Hörmannsberg,4495
4477,Ötzing,13.354715,48.6354855,Ötzing,4477
5523,Petermühl bei Kirchberg,13.3485995,48.639649000000006,Petermühl bei Kirchberg,5523
4179,Preßfurtmühle,13.32539,48.6731585,Preßfurtmühle,4179
4496,Prexlmühle bei Kirchberg,13.357568,48.633028,Prexlmühle bei Kirchberg,4496
4980,Ranzing bei Tiefenbach,13.359271,48.6576995,Ranzing bei Tiefenbach,PRAN
4499,Thalham bei Kirchberg,13.338569,48.6431035,Thalham bei Kirchberg,4499
4174,Wilmerting,13.3691515,48.6417735,Wilmerting,PAWI
4609,During,13.398734,48.658085,During,PDUR
4680,Fischhaus,13.439544,48.6560035,Fischhaus,PAFH
4612,Möging,13.384139,48.6770675,Möging,4612
4610,Sittenberg,13.3870605,48.6635985,Sittenberg,4610
16015,Tauschberg,13.4259713,48.6721363,Tauschberg,16015
4611,Trasham,13.3848685,48.6717715,Trasham,4611
16019,Brennschinken,13.4665166,48.6629094,Brennschinken,16019
8070,Hötzdorf,13.455565,48.661108,Hötzdorf,8070
4883,"Hutthurm, Bayerwaldstraße",13.474553,48.673251,"Hutthurm, Bayerwaldstraße",PDHU
4750,"Hutthurm, Gh Weber",13.483119,48.67422,"Hutthurm, Gh Weber",PHGW
4707,"Hutthurm, Industriestr.",13.485573,48.676437,"Hutthurm, Industriestr.",PHIS
4800,"Hutthurm, Kringell B12",13.4868025,48.677843,"Hutthurm, Kringell B12",4800
15118,"Hutthurm, Kringeller Str.",13.475211,48.6735545,"Hutthurm, Kringeller Str.",PHKI
16503,"Hutthurm, Kringeller Str. 76",13.485620800000005,48.6750876,"Hutthurm, Kringeller Str. 76",16503
16511,"Hutthurm, Lindenhöhe 1",13.468964581719742,48.6695719,"Hutthurm, Lindenhöhe 1",PHLH
4729,"Hutthurm, Marktstraße",13.4734005,48.6728945,"Hutthurm, Marktstraße",PHUM
4749,"Hutthurm, Schule",13.4892857,48.6816852,"Hutthurm, Schule",PHUR
4882,"Hutthurm, Sonnenhang",13.47894,48.670155,"Hutthurm, Sonnenhang",PHSH
16279,"Hutthurm, Sonnenhang 3",13.4814427,48.6703903,"Hutthurm, Sonnenhang 3",PHSO
4709,"Hutthurm, Sportplatz",13.4729285,48.66984,"Hutthurm, Sportplatz",PHUS
8068,Kleeham,13.456765,48.651823,Kleeham,PKLE
16016,Kleinthannensteig,13.4416774,48.6726079,Kleinthannensteig,16016
4801,Kreuzstraße B 12,13.4836745,48.667472,Kreuzstraße B 12,PHKB
4809,Kreuzstraße Tankstelle,13.483619666666668,48.66913866666667,Kreuzstraße Tankstelle,PKTS
4990,"Kringell, Schule",13.489552,48.6819255,"Kringell, Schule",4990
8071,Lenzersdorf,13.46145,48.682011,Lenzersdorf,8071
4592,"Lenzersdorf, Abzw",13.4614075,48.6828645,"Lenzersdorf, Abzw",PLDA
4802,Leoprechting B 12,13.4810255,48.661,Leoprechting B 12,PLEO
7900,"Leoprechting, Ort",13.482931,48.660875,"Leoprechting, Ort",PLEP
4991,Rußöd,13.457605,48.6540455,Rußöd,4991
11903,Zolling,13.453985,48.668461,Zolling,11903
4815,"Büchlberg, BBW",13.5187135,48.667709,"Büchlberg, BBW",PABW
16507,"Büchlberg, Bgm.-Poxleitner-Str. 2",13.5129581,48.6671206,"Büchlberg, Bgm.-Poxleitner-Str. 2",16507
4737,"Büchlberg, Bieretäcker-Str.",13.5089105,48.673924,"Büchlberg, Bieretäcker-Str., Abzw",4737
4736,"Büchlberg, Cafe Beinbauer",13.510832,48.668268,"Büchlberg, Cafe Beinbauer",4736
16501,"Büchlberg, Germannsbergstr. 18",13.5362057,48.7036752,"Büchlberg, Germannsbergstr. 18",PBGS
4738,"Büchlberg, Gh Maier",13.52381,48.6674625,"Büchlberg, Gh Maier",4738
11284,"Büchlberg, Kinderheim",13.5097715,48.6766405,"Büchlberg, Kinderheim",11284
4811,"Büchlberg, Kremsreiter",13.517505,48.668224,"Büchlberg, Kremsreiter",PBKR
16508,"Büchlberg, Manzenberg 11",13.5428401,48.6727918,"Büchlberg, Manzenberg 11",16508
4810,"Büchlberg, Post",13.5095345,48.667804,"Büchlberg, Post",PABP
16428,"Büchlberg, Tennisplatz",13.5133144,48.6648624,"Büchlberg, Tennisplatz",16428
4966,"Draxing, Abzw",13.513469,48.661913,"Draxing, Abzw",4966
4965,Edthof,13.523847,48.687714,Edthof,4965
4958,Freimadlsäge,13.5354415,48.673432,Freimadlsäge,4958
4837,Kammerwetzdorf,13.544349,48.657736,Kammerwetzdorf,4837
4741,Mitterbrünst,13.529725,48.654397,Mitterbrünst,4741
10436,Oberkatzendorf,13.490914,48.6563668,Oberkatzendorf,10436
4683,"Praßreut, Abzw",13.4993003,48.7486614,"Praßreut, Abzw",4683
4959,Praßreuth,13.522821,48.667813,Praßreuth,4959
4813,Saderreut,13.5167025,48.6835825,Saderreut,4813
4739,Schwieging,13.5105885,48.6520555,Schwieging,4739
4740,Schwolgau,13.51993,48.6526915,Schwolgau,PSWO
4814,"Tannöd, Gh Edelfurtner",13.5069515,48.6526505,"Tannöd, Gh Edelfurtner",PATD
16062,"Tannöd, Naturfriedhof",13.512008884902414,48.65736055000001,"Tannöd, Naturfriedhof",16062
7070,"Unterkatzendorf, Abzw",13.495189,48.6562215,"Unterkatzendorf, Abzw",PUKA
4812,Witzingerreut,13.516549,48.6769615,Witzingerreut,4812
4816,"Denkhof, Auto Schanzer",13.5342285,48.7077005,"Denkhof, Auto Schanzer",PADA
4596,Anetzbergerhof,13.5692355,48.657733500000006,Anetzbergerhof,4596
4956,Eberhardsberg,13.544099,48.6798695,Eberhardsberg,4956
4577,"Eberhardsberg, Abzw",13.541747,48.675708,"Eberhardsberg, Abzw",4577
4595,Eitzingerreut,13.560812,48.6619885,Eitzingerreut,4595
4580,"Eitzingerreut, Abzw",13.562515,48.6709825,"Eitzingerreut, Abzw",4580
4583,Leitenmühle,13.5923075,48.6573215,Leitenmühle,4583
4578,"Manzenberg, Abzw",13.5479995,48.675336,"Manzenberg, Abzw",4578
8777,Niederkümmering,13.5765965,48.641265,Niederkümmering,8777
8082,Nottau bei Hauzenberg,13.5808445,48.648758,Nottau bei Hauzenberg,8082
8776,Oberkümmering,13.5784115,48.6552775,Oberkümmering,POKÜ
4582,"Oberkümmering, Abzw",13.579653,48.6576465,"Oberkümmering, Abzw",4582
11810,"Oberkümmering, Angerstr.",13.579432,48.6573305,"Oberkümmering, Angerstr.",POKA
8771,Perling,13.575522,48.634293,Perling,PRLG
8778,"Perling, Abzw",13.581941,48.635351,"Perling, Abzw",PPEA
4579,Raßberg,13.556791,48.6711795,Raßberg,4579
4957,"Raßberg, Abzw",13.541703,48.6759445,"Raßberg, Abzw",PARB
4600,Tiessenhäusl,13.5980925,48.655248,Tiessenhäusl,4600
4581,Wolkar,13.5747135,48.6605475,Wolkar,4581
8775,Berbing,13.596565,48.65287,Berbing,8775
4584,"Berbing, Abzw",13.600526,48.6538595,"Berbing, Abzw",PBAZ
5302,Eben bei Hauzenberg,13.6339695,48.6395795,Eben bei Hauzenberg,5302
8783,"Erlet, Abzw",13.634825,48.62784499999999,"Erlet, Abzw",8783
9765,Freudensee,13.637946,48.6614895,Freudensee,9765
1590,"Freudensee, Abzw Raßreuth",13.631786,48.6604475,"Freudensee, Abzw Raßreuth",1590
4597,Fürsetzing,13.615109,48.651743,Fürsetzing,4597
15913,Furthweiher,13.648682,48.628934,Furthweiher,15913
5454,"Hauzenberg, Abzw Bf",13.629103,48.6472215,"Hauzenberg, Abzw Bf",PHAB
9764,"Hauzenberg, Alarmzentrum",13.6294785,48.657711000000006,"Hauzenberg, Alarmzentrum",9764
5459,"Hauzenberg, Busbahnhof",13.624503,48.653429,"Hauzenberg, Busbahnhof",PHKS
4599,"Hauzenberg, Förderschule",13.631534,48.650272,"Hauzenberg, Förderschule",PHSS
4598,"Hauzenberg, Hauptschule",13.626613,48.653646,"Hauzenberg, Hauptschule",PHHS
5455,"Hauzenberg, Post",13.6243185,48.6485825,"Hauzenberg, Post",PHPO
5458,"Hauzenberg, Realschule",13.629787,48.653931,"Hauzenberg, Realschule",PHRS
16033,"Hauzenberg, Steinwelten",13.620981432122695,48.6474055,"Hauzenberg, Steinwelten",16033
16544,"Hauzenberg, Wurzenweg 3",13.6745745,48.6364839,"Hauzenberg, Wurzenweg 3",PHBW
5490,"Innerhartsberg, Abzw",13.616402,48.6199135,"Innerhartsberg, Abzw",5490
8781,"Innerhartsberg, Abzw Haag",13.6012,48.621823500000005,"Innerhartsberg, Abzw Haag",8781
5451,"Jahrdorf, Kapelle",13.642432,48.632275,"Jahrdorf, Kapelle",PJGR
5453,Mühlberg bei Hauzenberg,13.631902,48.6451685,Mühlberg bei Hauzenberg,5453
8780,Neumühle bei Hauzenberg,13.5995975,48.625847500000006,Neumühle bei Hauzenberg,8780
9996,Niederbrünst,13.624825,48.619654,Niederbrünst,9996
5491,"Niederbrünst, Abzw",13.6222375,48.6221715,"Niederbrünst, Abzw",PANB
5492,"Renfting, Abzw",13.631488999999998,48.6262115,"Renfting, Abzw",5492
4585,Steinberg,13.608008,48.65288,Steinberg,PSBG
5452,Sterlwaid,13.640775,48.6375615,Sterlwaid,PSTD
8774,Weiherreuth,13.6085775,48.645813,Weiherreuth,PWEH
9767,Kramersdorf,13.650170500000002,48.664866,Kramersdorf,9767
9768,Penzenstadl,13.6653215,48.6634665,Penzenstadl,9768
9766,Raßreuth,13.6432665,48.6671815,Raßreuth,9766
9769,Wehrberg,13.6693695,48.665265000000005,Wehrberg,9769
9771,Krinning,13.6900285,48.6662535,Krinning,9771
9991,"Krinning, Abzw Wegscheid",13.6913015,48.6659875,"Krinning, Abzw Wegscheid",9991
9773,Oberneureuth,13.698562,48.674167,Oberneureuth,9773
9772,Roßau,13.694143,48.6715285,Roßau,9772
9770,Sickling,13.6766245,48.6666035,Sickling,PSIC
5888,Karlhäuser,13.743653,48.639263,Karlhäuser,5888
6328,Möslberg,13.731789,48.6387235,Möslberg,6328
5851,"Sperlbrunn, Hazoth",13.752042,48.652891,"Sperlbrunn, Hazoth",PHZT
5884,"Sperlbrunn, Reischlhof",13.7504345,48.66089,"Sperlbrunn, Reischlhof",PSPE
5887,"Sperlbrunn, Steindlberg",13.7547515,48.64642,"Sperlbrunn, Steindlberg",5887
5658,Stüblhäuser,13.755504,48.6707275,Stüblhäuser,PSHR
11736,"Stüblhäuser, Anw. Stadler",13.758342,48.668948,"Stüblhäuser, Anw. Stadler",PSTÜ
5417,Geigerkreuz,13.78937,48.6393905,Geigerkreuz,PGGK
5418,"Mühldemmelberg, Abzw",13.7884895,48.6425405,"Mühldemmelberg, Abzw",5418
5419,Simmelkurve,13.7842745,48.6503115,Simmelkurve,5419
5420,Thalberg,13.788029,48.658244,Thalberg,PTHA
12433,Pleinting,13.1290644,48.6592429,Pleinting,12433
4428,"Pleinting, Bayernwerk",13.1096445,48.662479000000005,"Pleinting, Bayernwerk",PPBY
4511,Hacklsdorf,13.211092333333331,48.629817,Hacklsdorf,4511
4200,"Vilshofen, Bahnhof",13.190531,48.629852,"Vilshofen, Bahnhof",PVIB
4201,"Vilshofen, Berufsschule",13.183117,48.63464,"Vilshofen, Berufsschule",PVBS
4259,"Vilshofen, Eggersdorfer-Schule",13.183492,48.626387,"Vilshofen, Eggersdorfer-Schule",PVES
4206,"Vilshofen, Ellinger",13.1898825,48.6272245,"Vilshofen, Ellinger",4206
4204,"Vilshofen, Finanzamt",13.1805645,48.635698000000005,"Vilshofen, Finanzamt",4204
4205,"Vilshofen, Friedhof",13.174179,48.6396485,"Vilshofen, Friedhof",4205
4209,"Vilshofen, Gymnasium",13.192759,48.6266115,"Vilshofen, Gymnasium",PVIG
4203,"Vilshofen, Hauptsch. St. Georg",13.187662,48.624628,"Vilshofen, Hauptsch. St. Georg",PVSG
16109,"Vilshofen, Krankenhaus",13.1978738,48.6284662,"Vilshofen, Krankenhaus",16109
4207,"Vilshofen, Leebmann",13.190394,48.6211575,"Vilshofen, Leebmann",4207
4208,"Vilshofen, Postamt",13.187133,48.6266445,"Vilshofen, Postamt",4208
4202,"Vilshofen, Stadtplatz",13.188232,48.633197,"Vilshofen, Stadtplatz",PVIS
11389,Weidenhof,13.182902,48.6422495,Weidenhof,11389
5567,Wimhof,13.1760315,48.645739,Wimhof,5567
4482,Witzling bei Vilshofen,13.209011,48.624337,Witzling bei Vilshofen,PWIT
4450,"Zeitlarn, Abzw Dinglreit",13.19294,48.6145205,"Zeitlarn, Abzw Dinglreit",4450
4451,"Zeitlarn, Gh Heiland",13.1953905,48.610642,"Zeitlarn, Gh Heiland",4451
4524,"Bartlmühle, Abzw Babing",13.242854,48.6509465,"Bartlmühle, Abzw Babing",4524
4523,"Bertholling, Abzw",13.234434,48.64584,"Bertholling, Abzw",4523
4522,Doblmühle,13.2224375,48.642573,Doblmühle,4522
4519,"Windorf, Abzw Tittling",13.219951666666669,48.62599033333333,"Windorf, Abzw Tittling",PWAT
4518,"Windorf, Marktplatz",13.221189,48.624682,"Windorf, Marktplatz",PAWM
4520,"Windorf, Post",13.2208275,48.625845,"Windorf, Post",4520
4613,"Windorf, Wilhelmshof",13.2214285,48.6322395,"Windorf, Wilhelmshof",4613
4535,Besensandbach,13.274235,48.6126015,Besensandbach,PBSA
4533,Deichselberg,13.281161,48.6150175,Deichselberg,4533
4516,Fisching,13.261133999999998,48.608975,Fisching,4516
4084,Hitzing,13.4390906,48.6359246,Hitzing,4084
8084,"Kading, Abzw",13.2820495,48.629029,"Kading, Abzw",8084
5340,Klinghof,13.3182715,48.6091825,Klinghof,5340
4509,Otterskirchen,13.2938185,48.6225795,Otterskirchen,POTT
4510,"Otterskirchen, Abzw",13.29093,48.618434,"Otterskirchen, Abzw",4510
4508,"Seestetten, Anw Huber",13.2960305,48.610596,"Seestetten, Anw Huber",4508
8086,"Stampfing, Abzw",13.2941225,48.6195795,"Stampfing, Abzw",8086
4679,Ebenthal,13.422681,48.653055,Ebenthal,4679
4171,Gotting bei Tiefenbach,13.4049155,48.633277,Gotting bei Tiefenbach,4171
4601,Gramming,13.3968415,48.638476,Gramming,4601
4602,"Haselbach, Dorfplatz",13.388197,48.6462195,"Haselbach, Dorfplatz",PHDP
4172,"Haselbach, Freibad",13.3932555,48.639818000000005,"Haselbach, Freibad",4172
4173,"Haselbach, Lohwaldsiedlung",13.3901645,48.6430035,"Haselbach, Lohwaldsiedlung",4173
4280,"Haselbach, Rastfeld",13.383074,48.6458675,"Haselbach, Rastfeld",4280
4255,"Haselbach, Stenglein",13.374823,48.644181,"Haselbach, Stenglein",4255
4604,Hof bei Tiefenbach,13.416319,48.629025,Hof bei Tiefenbach,4604
4605,Lohhof bei Ruderting,13.41318,48.638138,Lohhof bei Ruderting,4605
4678,"Ruderting, Apotheke",13.411228,48.652025,"Ruderting, Apotheke",PRUA
4607,"Ruderting, Buchbauer",13.410214,48.652438,"Ruderting, Buchbauer",PARM
4852,"Ruderting, Haselbacher Str.",13.4078565,48.653341,"Ruderting, Haselbacher Str.",PRHS
4608,"Ruderting, Kirche",13.407396,48.654868,"Ruderting, Kirche",PRUK
4606,"Ruderting, Lohwald-Siedlung",13.4114565,48.646509,"Ruderting, Lohwald-Siedlung",4606
4478,"Tiefenbach, Bayerwaldstr.",13.4002545,48.6265915,"Tiefenbach, Bayerwaldstr.",4478
4490,"Tiefenbach, Kieswerk",13.4094965,48.623866500000005,"Tiefenbach, Kieswerk",4490
4492,"Tiefenbach, Marienplatz",13.3988875,48.6250335,"Tiefenbach, Marienplatz",PATH
4491,"Tiefenbach, R.-Töpfl-Str.",13.4037485,48.6261675,"Tiefenbach, R.-Töpfl-Str.",PATT
4479,"Tiefenbach, Vogeltend",13.3969545,48.6226749,"Tiefenbach, Vogeltend",4479
4493,"Tiefenbach, Weideneck",13.392566,48.622457,"Tiefenbach, Weideneck",4493
4603,"Schwaiberg, Gh Bauer",13.414857,48.621944,"Schwaiberg, Gh Bauer",PSCH
4489,"Schwaiberg, Waldstr.",13.414495,48.621808,"Schwaiberg, Waldstr.",PSWS
4803,Bärnbach B 12,13.4776105,48.650736,Bärnbach B 12,4803
16328,"Bärnbach, Ort",13.4833739,48.6604823,"Bärnbach, Ort",16328
4880,Franklbach,13.4824255,48.6241095,Franklbach,4880
16050,Haag bei Salzweg,13.4689891,48.6252666,Haag b. Salzweg,16050
16048,Ratzing bei Salzweg,13.4490503,48.6277616,Ratzing b. Salzweg,16048
4804,Schlott bei Straßkirchen,13.478889,48.6397815,Schlott bei Straßkirchen,PSCL
4881,Schreiberfeld,13.481417333333331,48.628959,Schreiberfeld,4881
16049,Stolling bei Salzweg,13.4655102,48.6273888,Stolling b. Salzweg,16049
4805,"Straßkirchen, Gh. Girmindl",13.479509,48.634681,"Straßkirchen, Gh. Girmindl",PASG
4967,"Euzersdorf, Abzw",13.507054,48.646494,"Euzersdorf, Abzw",4967
5229,Hütten bei Salzweg,13.504591,48.641916,Hütten bei Salzweg,5229
4969,Kamping,13.498253,48.630048,Kamping,4969
5347,Witzmannsberg bei Salzweg,13.4936265,48.622528,Witzmannsberg bei Salzweg,PWMS
4968,Wurmeck,13.501387,48.6367725,Wurmeck,4968
5488,"Haag, Post",13.597762,48.6151335,"Haag, Post",PHAP
9834,"Haag, Siedlung",13.599775,48.614957,"Haag, Siedlung",9834
15928,"Haag, Waldsiedlung",13.591684,48.612811,"Haag, Waldsiedlung",15928
5487,"Kaindlmühle, Haltepunkt",13.5852385,48.611227,"Kaindlmühle, Haltepunkt",5487
9761,"Oberdiendorf, Kindergarten",13.586058,48.6272605,"Oberdiendorf, Kindergarten",9761
9762,"Oberdiendorf, Kirche",13.5914585,48.6289085,"Oberdiendorf, Kirche",POBD
9760,"Oberdiendorf, Kreuzung",13.586934,48.631065,"Oberdiendorf, Kreuzung",9760
9995,"Oberdiendorf, Siedlung",13.588524,48.624726,"Oberdiendorf, Siedlung",9995
8772,Oberholz,13.5998955,48.6398835,Oberholz,POBE
9763,"Oberholz, Abzw.",13.5967347,48.6342764,"Oberholz, Abzw.",9763
902,Windpassing bei Haag,13.608079,48.6148865,Windpassing bei Haag,PWIH
8773,Wotzdorf,13.601656,48.642714,Wotzdorf,PWOT
5450,"Germannsdorf, Abzw",13.655046,48.6283445,"Germannsdorf, Abzw",PAGE
5461,"Germannsdorf, Abzw. Kollersberg",13.670881,48.633395500000006,"Germannsdorf, Abzw. Kollersberg",PGBL
11899,"Germannsdorf, Gesundhof",13.6632945,48.634313,"Germannsdorf, Gesundhof",11899
5449,"Kropfmühl, Graphitwerk",13.6617475,48.621713,"Kropfmühl, Graphitwerk",PKRG
5460,Ruhmannsdorf bei Kropfmühl,13.659422,48.6335245,Ruhmannsdorf bei Kropfmühl,5460
5771,Froschau,13.768319,48.6274045,Froschau,5771
6247,Haidensäg,13.730975,48.6566935,Haidensäg,6247
5852,Kleinrathberg,13.743261,48.645061,Kleinrathberg,5852
6305,"Kleinrathberg, Abzw",13.751524,48.640144,"Kleinrathberg, Abzw",6305
11537,"Kleinrathberg, Abzw. Möslberg",13.7459635,48.6427965,"Kleinrathberg, Abzw. Möslberg",11537
5853,Krennerhäuser,13.7566275,48.634961,Krennerhäuser,5853
5470,"Krennerhäuser, Abzw",13.75933725,48.632714,"Krennerhäuser, Abzw",5470
1592,Rablhäuser,13.730406,48.629457,Rablhäuser,1592
6336,Steinbachhäusl,13.729277499999998,48.633705500000005,Steinbachhäusl,6336
5414,Kramerschlag,13.803481,48.6136015,Kramerschlag,5414
5788,"Lacken, Anwesen Felber",13.790095999999998,48.630589,"Lacken, Anwesen Felber",5788
11317,"Lacken, Ort",13.7987965,48.6251235,"Lacken, Ort",11317
11313,Meßnerschlag,13.8089925,48.6209505,Meßnerschlag,11313
11314,Meßnerschlagerwaide,13.806844,48.625914,Meßnerschlagerwaide,11314
5416,Moorwirtschaft,13.792637,48.628485,Moorwirtschaft,5416
5413,"Wasserstatt, Richtermühle",13.797776,48.6093945,"Wasserstatt, Richtermühle",5413
5901,Blaimberg,13.115114,48.639867,Blaimberg,5901
5903,Hennermais,13.1090605,48.6552245,Hennermais,PHEM
5902,Reisach bei Pleinting,13.1101125,48.6504945,Reisach bei Pleinting,PRES
5900,Thannet,13.1117375,48.634197,Thannet,5900
15927,"Alkofen bei Vilsh, Straßerödweg",13.141528,48.63213,"Alkofen b. Vilsh, Straßerödweg",15927
5894,"Alkofen bei Vilsh., Abzw Unterreit",13.145325,48.635759500000006,"Alkofen b. Vilsh., Abzw Unterreit",5894
5896,"Alkofen bei Vilsh., Gh Eberhard",13.134867,48.6303535,"Alkofen b. Vilsh., Gh Eberhard",PALG
979,"Alkofen bei Vilsh., West",13.129569,48.629112,"Alkofen b. Vilsh., West",979
980,"Dorf, Gh Breitenfelder",13.1589905,48.624148,"Dorf, Gh Breitenfelder",980
5899,"Eben, Abzw Thannet",13.111914,48.6290265,"Eben, Abzw Thannet",PEAT
5893,"Haißenöd, Kapelle",13.15221675,48.6353155,"Haißenöd, Kapelle",5893
11880,Hennersreit,13.145501,48.621749,Hennersreit,11880
5892,Hölzlöd,13.1573425,48.635821500000006,Hölzlöd,5892
5891,"Hördt, Abzw",13.1634125,48.6347625,"Hördt, Abzw",5891
978,"Mattenham, Abzw",13.140531,48.621104,"Mattenham, Abzw",978
5897,Schullering,13.1264495,48.6313465,Schullering,5897
5889,Schweiklberg,13.174387500000002,48.630637,Schweiklberg,DSWB
5898,Seier,13.119928,48.629832,Seier,5898
5890,"Waizenbach, Hechinger",13.1697155,48.628515500000006,"Waizenbach, Hechinger",5890
4465,Algerting,13.1520045,48.600716,Algerting,4465
4515,"Aunkirchen, Abzw. Beutelsbach",13.131867,48.598945,"Aunkirchen, Abzw. Beutelsbach",4515
4467,"Aunkirchen, Kirche",13.131944,48.599254,"Aunkirchen, Kirche",4467
4464,"Hitzling, Abzw",13.1609215,48.604796,"Hitzling, Abzw",4464
4466,Hochstraße,13.143234499999998,48.5992875,Hochstraße,4466
4462,Linda,13.178965000000002,48.616097,Linda,4462
4463,"Lindach, Abzw Mühlham",13.1710625,48.6088155,"Lindach, Abzw Mühlham",4463
4469,Natterbauer,13.1135965,48.5945935,Natterbauer,4469
4468,"Schönerting, Abzw",13.1227665,48.596977,"Schönerting, Abzw",4468
4514,"Blindham, Kronthalstr.",13.2021975,48.5819735,"Blindham, Kronthalstr.",4514
4454,"Blindham, Neustift",13.200427,48.5843995,"Blindham, Neustift",PVNB
15041,"Kaltenöd, Abzw",13.193978,48.589243,"Kaltenöd, Abzw",15041
4453,Knadlarn,13.1950115,48.593232,Knadlarn,PKNN
4455,"Neustift bei Vilsh., Kloster",13.192838,48.582698,"Neustift bei Vilsh., Kloster",PVNK
4422,"Altfalter, Bahnunterführung",13.226246,48.616589,"Altfalter, Bahnunterführung",4422
4269,Eben bei Sandbach,13.2890035,48.5984035,Eben bei Sandbach,4269
4418,"Ratzing, Abzw Jägerwirth",13.287591,48.608977,"Ratzing, Abzw Jägerwirth",4418
4421,"Sandbach, Bahnüberführung",13.256629,48.604377,"Sandbach, Bahnüberführung",PSBÜ
4420,"Sandbach, Bf",13.266853,48.605085,"Sandbach, Bf",PSAB
4419,"Sandbach, Kirche",13.2722225,48.6067435,"Sandbach, Kirche",4419
4266,Strenn,13.282111,48.589358,Strenn,4266
4417,Seestetten,13.301808,48.606207,Seestetten,PSST
4507,Gaishofen,13.3289895,48.6060865,Gaishofen,PGAI
4506,Irring,13.348678,48.6040655,Irring,PIRR
4480,Bäckerreuth,13.4154935,48.6126465,Bäckerreuth,PBÄC
4564,Jacking,13.4178945,48.6168455,Jacking,4564
4970,"Salzweg, Frauenhofer-Str.",13.4864385,48.6163175,"Salzweg, Frauenhofer-Str.",PAPF
16042,"Salzweg, Graberweg",13.4972659,48.6156931,"Salzweg, Graberweg",16042
15032,"Salzweg, Jägeröd",13.478495,48.619194500000006,"Salzweg, Jägeröd",15032
4806,"Salzweg, Postgasse",13.482958,48.6172815,"Salzweg, Postgasse",PSGS
4794,"Salzweg, Rathaus",13.4815115,48.614739,"Salzweg, Rathaus",PSAR
16041,"Salzweg, Steinbüchl",13.5042435,48.6118996,"Salzweg, Steinbüchl",16041
4807,"Angl, Bäckerei Vogl",13.4825925,48.6090145,"Angl, Bäckerei Vogl",4807
16053,Kinsing bei Salzweg,13.4661135,48.6043998,Kinsing b. Salzweg,PKGS
4808,"Passau, Burgwald",13.4816415,48.5972315,"Passau, Burgwald",4808
15964,"Salzweg, Außenstelle LRA",13.4838322,48.6047884,"Salzweg, Außenstelle LRA",15964
9754,"Donauwetzdorf, Abzw",13.540674,48.630587,"Donauwetzdorf, Abzw",9754
9757,"Kelchham, Abzw",13.544785,48.648323,"Kelchham, Abzw",9757
11438,Gastering,13.561207,48.6286765,Gastering,11438
9755,"Gosting, Abzw",13.547065333333334,48.63452966666667,"Gosting, Abzw",9755
9756,Hitzing,13.4390906,48.6359246,Hitzing,9756
9758,Hundsdorf,13.556697,48.6204585,Hundsdorf,PHDF
8768,"Hundsdorf, Abzw",13.556657,48.61931,"Hundsdorf, Abzw",PHUN
9759,Lieblmühle,13.571821,48.6273655,Lieblmühle,9759
5486,"Mitteröd, Abzw",13.567726,48.6140745,"Mitteröd, Abzw",5486
9752,Schmiding,13.536293,48.622895,Schmiding,9752
5485,Zwölfling,13.568998,48.6076875,Zwölfling,5485
5447,Alt-Ziering,13.653506,48.607121,Alt-Ziering,5447
5466,Eisenbüchl,13.699732,48.60474833333333,Eisenbüchl,PEUE
5855,Haunersdorf bei Untergriesbach,13.673755,48.596932,Haunersdorf bei Untergriesbach,PHUD
5436,"Haunersdorf, Abzw Pfaffenreut",13.673976499999998,48.595323,"Haunersdorf, Abzw Pfaffenreut",5436
5467,Kappelgarten,13.706026,48.60845,Kappelgarten,PKGT
6463,Kohlwies,13.7217815,48.6128,Kohlwies,6463
5856,Kroding,13.689244,48.5953725,Kroding,5856
5448,Leizesberg,13.653624,48.614871,Leizesberg,5448
5437,Neu-Ziering,13.654261,48.6013025,Neu-Ziering,PNZI
5465,Saxing,13.6749085,48.604958,Saxing,5465
5462,"Schachert, Haus Nr. 3",13.679226,48.6264235,"Schachert, Haus Nr. 3",5462
5438,"Schaibing, Abzw",13.649582,48.599261,"Schaibing, Abzw",PASC
5404,Spechting,13.6944505,48.6063515,Spechting,5404
11733,Eckwies,13.739272,48.593021,Eckwies,11733
11734,"Hochwinkl, Anw. Bogner",13.735235,48.618204,"Hochwinkl, Anw. Bogner",11734
5468,"Hochwinkl, Gh Kneidinger",13.73178675,48.61606075,"Hochwinkl, Gh Kneidinger",PHGK
6501,Kailing,13.730467,48.5957775,Kailing,6501
5469,Schönau bei Wegscheid,13.74677125,48.62100975,Schönau bei Wegscheid,5469
11735,"Schönau, Anw. Kasberger",13.750533,48.630137,"Schönau, Anw. Kasberger",11735
5854,Thurnreuth,13.7278695,48.60220875,Thurnreuth,PTHR
5428,Eidenberg,13.7730895,48.5627785,Eidenberg,5428
5409,Hartmannsreuth,13.7851545,48.582890000000006,Hartmannsreuth,5409
5408,"Kappel, Abzw",13.7652945,48.560095,"Kappel, Abzw",5408
5471,Kasberg,13.7766905,48.62187875,Kasberg,PKAS
5407,Maierhof bei Wildenranna,13.7664855,48.56756300000001,Maierhof bei Wildenranna,5407
10803,Maierhofbrücke II,13.7628485,48.572103,Maierhofbrücke II,10803
5403,"Maierhoferbrücke, Rannasee",13.7624795,48.573292,"Maierhoferbrücke, Rannasee",PMRA
5464,"Mitterwasser, Abzw",13.767996,48.580093000000005,"Mitterwasser, Abzw",5464
5405,Niederwegscheid,13.7792305,48.5890245,Niederwegscheid,PNWD
5402,Petermühle,13.744358,48.5721815,Petermühle,5402
5410,"Wegscheid, Abzw Aiglsöd",13.786603,48.592101,"Wegscheid, Abzw Aiglsöd",5410
5406,"Wegscheid, Abzw Bf",13.7832985,48.595836,"Wegscheid, Abzw Bf",5406
5429,"Wegscheid, Bf",13.7839885,48.5957205,"Wegscheid, Bf",5429
16006,"Wegscheid, Fronau",13.7865723,48.5921176,"Wegscheid, Fronau",16006
16251,"Wegscheid, Froschau 1",13.7708954,48.630795,"Wegscheid, Froschau 1",16251
16317,"Wegscheid, Kasberg 6",13.7769362,48.6212503,"Wegscheid, Kasberg 6",16317
5412,"Wegscheid, Krankenhaus",13.793544,48.601846,"Wegscheid, Krankenhaus",PAWK
16516,"Wegscheid, Pfarrer-Schwarzbauer-Str. 18",13.7897767,48.5968503,"Wegscheid, Pfarrer-Schwarzbauer-Str. 18",16516
5444,"Wegscheid, Rathaus",13.7875625,48.6012445,"Wegscheid, Rathaus",PWRA
16249,"Wegscheid, Säumerweg 21",13.7830511,48.5979263,"Wegscheid, Säumerweg 21",16249
5786,"Wegscheid, Zambelli",13.783743,48.6078805,"Wegscheid, Zambelli",5786
2351,"Maierhof, Haus-Nr.1",13.091299,48.612035500000005,"Maierhof, Haus-Nr.1",2351
4355,"Walchsing, Ortsmitte",13.077092,48.608482,"Walchsing, Ortsmitte",PWAO
4356,"Walchsing, Theresienstr.",13.0685595,48.60913,"Walchsing, Theresienstr.",4356
4471,"Aldersbach, Pfarrgarten",13.0844395,48.588264,"Aldersbach, Pfarrgarten",PVAP
4501,Anham,13.120698,48.570754,Anham,4501
4502,Schwanham,13.1213035,48.581001,Schwanham,4502
9414,Afham bei Ortenburg,13.214495,48.533083000000005,Afham bei Ortenburg,9414
9380,"Afham bei Ortenburg, Bauhof",13.2161435,48.536569,"Afham bei Ortenburg, Bauhof",9380
4461,"Dorfbach, Gh Gruber",13.23817,48.5260655,"Dorfbach, Gh Gruber",PVDG
4396,"Dorfbach, Sportplatz",13.2412345,48.52425,"Dorfbach, Sportplatz",4396
4296,Hainberg bei Ortenburg,13.2402725,48.547731,Hainberg bei Ortenburg,4296
4299,Hierling,13.2698675,48.551814,Hierling,4299
16130,"Hinterhainberg, Seikowsky",13.242905530241934,48.54723035,"Hinterhainberg, Seikowsky",16130
4297,Jägerkarl,13.2425605,48.550189,Jägerkarl,4297
4459,Kamm,13.219621,48.55366875,Kamm,PKAM
4298,"Königbach, Abzw",13.2519575,48.5514545,"Königbach, Abzw",4298
4456,"Maierhof, Abzw Holzkirchen",13.2102505,48.573397,"Maierhof, Abzw Holzkirchen",4456
4147,Neuhaus bei Ortenburg,13.209929,48.55485899999999,Neuhaus bei Ortenburg,PNHS
4148,"Neuhaus, Wendeplatte",13.211596,48.554992,"Neuhaus, Wendeplatte",PNWP
4460,"Ortenburg, Bahnhofstr.",13.2223805,48.546738000000005,"Ortenburg, Bahnhofstr.",PVOS
4146,"Ortenburg, Marktplatz",13.22326525,48.54619075,"Ortenburg, Marktplatz",PVOM
4399,"Ortenburg, Metzgerei Kriegl",13.2250955,48.542263000000005,"Ortenburg, Metzgerei Kriegl",PORM
4295,"Ortenburg, Mittelschule",13.228203105024097,48.54663715,"Ortenburg, Mittelschule",PORH
4457,Söldenau,13.2171,48.5600185,Söldenau,4457
4458,"Söldenau, Abzw Unteriglbach",13.2169575,48.5567705,"Söldenau, Abzw Unteriglbach",PUIA
4398,Steinkirchen bei Ortenburg,13.224239,48.532701,Steinkirchen bei Ortenburg,PSKO
4165,Weng bei Ortenburg,13.215115,48.56717,Weng bei Ortenburg,RWEN
4164,Würding bei Dorfbach,13.222028,48.5310175,Würding bei Dorfbach,4164
4264,Gaisbruck,13.2627485,48.592009,Gaisbruck,4264
4265,Giglmöhrn,13.269723,48.5899305,Giglmöhrn,4265
4268,Primsdobl,13.2942475,48.5889505,Primsdobl,4268
4292,Steinhügl,13.292601,48.574624,Steinhügl,PSHG
4504,"Gaißa, Brücke",13.3777825,48.5984485,"Gaißa, Brücke",4504
4414,"Heining, Bäckerei Husseneder",13.396847,48.584253,"Heining, Bäckerei Husseneder",PHEI
4415,"Heining, Gionstraße",13.3876545,48.5895285,"Heining, Gionstraße",4415
4162,Jaging,13.167016,48.576764,Jaging,4162
905,Maierhof bei Passau,13.410751,48.581259,Maierhof bei Passau,905
907,Niederham bei Oberiglbach,13.1786395,48.5693205,Niederham bei Oberiglbach,907
4505,Schalding l. d. Donau,13.3591205,48.6037625,Schalding l. d. Donau,4505
4416,"Schalding r. d. Do., Bahnsteg",13.371685,48.5963505,"Schalding r. d. Do., Bahnsteg",4416
4481,"Hacklberg, Fürstenweg",13.450249,48.579754,"Hacklberg, Fürstenweg",4481
4476,"Hacklberg, Schulstraße",13.4435,48.578763,"Hacklberg, Schulstraße",4476
4487,Jägerreuth,13.434012,48.5989585,Jägerreuth,4487
4161,Moos bei Passau,13.429067,48.6042185,Moos bei Passau,4161
4015,"Passau, Abzw Freudenhain",13.450526,48.581737,"Passau, Abzw Freudenhain",4015
10191,"Passau, Achatiusstraße",13.464236,48.587,"Passau, Achatiusstraße",10191
913,"Passau, Adalbert Stifter Gym.",13.446155,48.564207,"Passau, Adalbert Stifter Gym.",PADG
10161,"Passau, Alte Straße",13.470226,48.591717,"Passau, Alte Straße",10161
4026,"Passau, Am Schanzl",13.455685,48.574505,"Passau, Am Schanzl",PASH
4010,"Passau, Am Schanzl(Busbucht)",13.456125,48.574415,"Passau, Am Schanzl(Busbucht)",PAZB
912,"Passau, Am Schanzl(Dittlmann)",13.456125,48.574415,"Passau, Am Schanzl(Dittlmann)",PSLS
4030,"Passau, Am Schanzlturm",13.45599,48.57509,"Passau, Am Schanzlturm",PAST
11141,"Passau, Apfelkoch",13.442018,48.5611885,"Passau, Apfelkoch",11141
4019,"Passau, Auenweg",13.4878645,48.570676,"Passau, Auenweg",4019
4012,"Passau, Auerbach B 8",13.421204,48.5733985,"Passau, Auerbach B 8",4012
911,"Passau, Auersperg Gymnasium",13.45021,48.579507,"Passau, Auersperg Gymnasium",PAUS
4024,"Passau, Aufischer",13.47798,48.5753575,"Passau, Aufischer",4024
11292,"Passau, Augustinergasse",13.457286,48.5699825,"Passau, Augustinergasse",11292
11444,"Passau, Bahnhofstr.",13.4545965,48.574288,"Passau, Bahnhofstr.",11444
11136,"Passau, Birkhamer Straße",13.4116335,48.561829,"Passau, Birkhamer Straße",PBHS
4082,"Passau, Bockhofweg",13.452807,48.582511,"Passau, Bockhofweg",4082
4094,"Passau, Breslauer Straße",13.422544,48.5598555,"Passau, Breslauer Straße",4094
4023,"Passau, Christdobl",13.4765405,48.580426,"Passau, Christdobl",4023
4008,"Passau, Danziger Str.",13.4228605,48.570052,"Passau, Danziger Str.",PPDS
4007,"Passau, Dr. Geiger Weg",13.4288275,48.570115,"Passau, Dr. Geiger Weg",4007
10157,"Passau, Dr.-Ernst-Derra-Str.",13.4108837,48.556763,"Passau, Dr.-Ernst-Derra-Str.",PPEB
10158,"Passau, Dult Wendeplatte",13.4113,48.55793,"Passau, Dult Wendeplatte",PPMW
4014,"Passau, Eggendobl",13.45459,48.5771205,"Passau, Eggendobl",PAEG
4097,"Passau, Eggendobl (Ortmeier)",13.452854,48.577939,"Passau, Eggendobl (Ortmeier)",4097
11443,"Passau, Einöder Straße",13.356381,48.598184,"Passau, Einöder Straße",11443
4092,"Passau, Giselastraße",13.4471185,48.570525,"Passau, Giselastraße",4092
11139,"Passau, Graf-Salm-Straße",13.4340805,48.562408000000005,"Passau, Graf-Salm-Straße",11139
11442,"Passau, Gretli-Fuchs-Str.",13.41094,48.554715,"Passau, Gretli-Fuchs-Str.",11442
910,"Passau, Grubweg Grundschule",13.480348,48.586,"Passau, Grubweg Grundschule",PGWG
11130,"Passau, Güterbahnhof",13.445848,48.574475,"Passau, Güterbahnhof",PAGF
4412,"Passau, Hacklstein",13.4111236,48.5758789,"Passau, Hacklstein",4412
10190,"Passau, Hals",13.46265,48.589522,"Passau, Hals",PAHS
4011,"Passau, Hängebrücke",13.47031,48.576491,"Passau, Hängebrücke",4011
4000,"Passau, Hbf",13.4516788,48.5743086,"Passau, Hbf",PASB
909,"Passau, Hochstein",13.462965,48.594291,"Passau, Hochstein",PHOS
4027,"Passau, Holzmannstraße",13.403833,48.5743645,"Passau, Holzmannstraße",PHLS
4022,"Passau, Ilzbrücke",13.4738155,48.577239,"Passau, Ilzbrücke",4022
4087,"Passau, Ilzbrücke Abzw.Oberhaus",13.473187,48.577089,"Passau, Ilzbrücke Abzw.Oberhaus",4087
10192,"Passau, Ilzleite",13.475922,48.584071,"Passau, Ilzleite",10192
4413,"Passau, Kachlet",13.4057764,48.5769733,"Passau, Kachlet",4413
4005,"Passau, Kainzenweg",13.4333585,48.5645915,"Passau, Kainzenweg",PKAI
5310,"Passau, Kastenreuth",13.4814895,48.594412,"Passau, Kastenreuth",5310
11142,"Passau, Klinikum",13.446355,48.564695,"Passau, Klinikum",PAKM
4095,"Passau, Kohlbruck",13.4081775,48.551544500000006,"Passau, Kohlbruck",PKOH
11576,"Passau, Kohlbruck Messepark",13.4125785,48.55701150000001,"Passau, Kohlbruck Messepark",PPKK
10155,"Passau, Kohlbruck PEB",13.4112615,48.558533,"Passau, Kohlbruck PEB",10155
11138,"Passau, Königsberger Straße",13.417698,48.563026,"Passau, Königsberger Straße",11138
10193,"Passau, Laimgrub",13.486735,48.583838,"Passau, Laimgrub",10193
4006,"Passau, Lambergstraße",13.446868,48.571746000000005,"Passau, Lambergstraße",4006
16186,"Passau, Leopoldstr. II",13.451191,48.57122,"Passau, Leopoldstr. II",16186
4091,"Passau, Leopoldstraße",13.451593,48.5713335,"Passau, Leopoldstraße",4091
16575,"Passau, Montessori-Schule",13.438003557556335,48.57064545,"Passau, Montessori-Schule",PMOS
4018,"Passau, Mühltalstraße",13.4726565,48.5708459,"Passau, Mühltalstraße",4018
4028,"Passau, Nagelschmiedgasse",13.461146,48.5761025,"Passau, Nagelschmiedgasse",4028
10430,"Passau, Oetkersiedlung",13.4703428,48.5847872,"Passau, Oetkersiedlung",10430
4029,"Passau, Rathaus",13.4683625,48.575478,"Passau, Rathaus",PPRH
9750,"Passau, Reisebüro Niedermayer",13.450428,48.574233,"Passau, Reisebüro Niedermayer",PPRN
4016,"Passau, Römerplatz",13.4707455,48.5749085,"Passau, Römerplatz",PARP
15933,"Passau, Sailerwöhr",13.4399183,48.571036,"Passau, Sailerwöhr",15933
10162,"Passau, Salvatorkirche",13.473187,48.577089,"Passau, Salvatorkirche",10162
5309,"Passau, Säumerweg",13.483317,48.5916255,"Passau, Säumerweg",5309
3999,"Passau, Schiffsanlegestelle",13.463057,48.576191,"Passau, Schiffsanlegestelle",PASS
4025,"Passau, Schmiedgasse",13.4667421,48.5708335,"Passau, Schmiedgasse",4025
4096,"Passau, Schönleitnerweg",13.427743,48.5624885,"Passau, Schönleitnerweg",4096
5308,"Passau, Schulbergstraße",13.4836005,48.588803,"Passau, Schulbergstraße",5308
4002,"Passau, Schulzentrum/AOK",13.43975,48.566885,"Passau, Schulzentrum/AOK",PSZE
4093,"Passau, St. Anton",13.443354,48.5692195,"Passau, St. Anton",4093
4017,"Passau, Stadttheater",13.4643401,48.5735824,"Passau, Stadttheater",4017
4081,"Passau, Sturmbergweg",13.454113,48.579011,"Passau, Sturmbergweg",4081
4004,"Passau, Traminer Straße",13.4169275,48.5557815,"Passau, Traminer Straße",4004
11291,"Passau, Universität",13.4537725,48.5688455,"Passau, Universität",11291
11137,"Passau, Vornholz",13.414347,48.5610585,"Passau, Vornholz",11137
11140,"Passau, Weinleitenweg",13.436558,48.5617325,"Passau, Weinleitenweg",11140
5307,"Passau, Witikostraße",13.4817465,48.584447,"Passau, Witikostraße",5307
4009,"Passau, Woolworth",13.4545965,48.574287,"Passau, Woolworth",PPWO
11290,"Passau, Wörthstraße",13.449639,48.5670805,"Passau, Wörthstraße",11290
4001,"Passau, ZOB",13.455872,48.5725205,"Passau, ZOB",PKEP
4488,Patriching,13.4206095,48.607231,Patriching,4488
9835,"Patriching, Zahnradfabrik",13.420743,48.6041,"Patriching, Zahnradfabrik",PPZF
4083,Pramöd,13.437669,48.593968,Pramöd,4083
4485,"Ries, Rennweg",13.4518055,48.5871245,"Ries, Rennweg",4485
4486,"Ries, Wasserturm",13.4413975,48.5918095,"Ries, Wasserturm",4486
8182,"Aichet, Ort",13.5272475,48.592533,"Aichet, Ort",8182
8181,"Aichet, Steinbruch",13.5322765,48.5934705,"Aichet, Steinbruch",8181
5480,Buchsee,13.54464,48.589602,Buchsee,5480
5479,"Buchsee, Abzw",13.5443635,48.592077,"Buchsee, Abzw",5479
5484,Fattendorf,13.5694285,48.5964115,Fattendorf,5484
8094,"Kellberg, Bergfeld",13.5423665,48.59343,"Kellberg, Bergfeld",8094
5482,"Kellberg, Kellberger Weinstube",13.5534275,48.592836,"Kellberg, Kellberger Weinstube",PKKW
11116,"Kellberg, Kirche",13.550113499999998,48.5939155,"Kellberg, Kirche",11116
5483,"Kellberg, Klinik Prof. Schedel",13.5645595,48.594205,"Kellberg, Klinik Prof. Schedel",PKKS
5481,"Kellberg, Maxhöhe",13.5507785,48.591195,"Kellberg, Maxhöhe",5481
11117,"Kellberg, Oberes Bergfeld",13.5436015,48.594313,"Kellberg, Oberes Bergfeld",11117
8093,"Kellberg, Ort",13.5510835,48.593697,"Kellberg, Ort",PKOT
11115,"Kellberg, Raiffeisenbank",13.550916,48.5918835,"Kellberg, Raiffeisenbank",11115
5478,"Kellberg, Sonnenhang",13.538756500000002,48.5931985,"Kellberg, Sonnenhang",5478
8354,Obersatzbach,13.5313635,48.598308,Obersatzbach,8354
8767,"Thyrnau, Firmianstraße",13.5448125,48.6159665,"Thyrnau, Firmianstraße",8767
16327,"Thyrnau, Kornfeldweg 12",13.5380982,48.6183655,"Thyrnau, Kornfeldweg 12",PTHK
16518,"Thyrnau, Lorettoweg 10",13.5415984,48.6157665,"Thyrnau, Lorettoweg 10",16518
8766,"Thyrnau, Mitte",13.5377625,48.6153915,"Thyrnau, Mitte",PTHM
16269,"Thyrnau, Sonnenstr. 24",13.5400896,48.6124504,"Thyrnau, Sonnenstr. 24",PTSO
9753,"Thyrnau, Sonnenstraße",13.5375215,48.6123045,"Thyrnau, Sonnenstraße",9753
1790,"Thyrnau, Zahnradfabrik",13.542759,48.616049,"Thyrnau, Zahnradfabrik",1790
8764,Wingersdorf,13.553365,48.5855425,Wingersdorf,PWID
8765,Zwecking,13.534513,48.602844,Zwecking,8765
16268,"Zwecking, Lärchenstr. 12",13.5323098,48.6034228,"Zwecking, Lärchenstr. 12",16268
16314,"Zwecking, Lärchenstr. 13",13.5323098,48.6034228,"Zwecking, Lärchenstr. 13",PZWL
5494,Hundsruck,13.6016005,48.5949705,Hundsruck,PHRU
8769,"Schaibing, Bahnhof",13.580773,48.5945185,"Schaibing, Bahnhof",8769
5443,"Haar, Kapelle",13.5953065,48.57348,"Haar, Kapelle",5443
5442,"Haar, Waidwiesweg",13.6033895,48.5743665,"Haar, Waidwiesweg",5442
5441,Nottau bei Obernzell,13.617278,48.575135,Nottau bei Obernzell,5441
5440,Rackling,13.6313335,48.5832925,Rackling,PARA
5439,Rothenkreuz,13.63378,48.589637,Rothenkreuz,5439
8770,"Rothenkreuz, Abzw",13.637197,48.5879375,"Rothenkreuz, Abzw",8770
5493,Schergendorf bei Kellberg,13.616516,48.5920525,Schergendorf bei Kellberg,PSCD
5399,Ficht-Oberötzdorf Abzw,13.711591,48.577594,Ficht-Oberötzdorf Abzw,5399
5669,Gotting bei Untergriesbach,13.687684,48.5922725,Gotting bei Untergriesbach,5669
11172,"Habersdorf, Abzw.",13.675973,48.5891025,"Habersdorf, Abzw.",11172
16029,Oberötzdorf bei Untergriesbach,13.7057042,48.5838242,Oberötzdorf b. Untergriesbach,16029
5400,Pölzöd,13.729698,48.5752195,Pölzöd,5400
16027,Scherleinsöd bei Untergriesbach,13.6739414,48.5609704,Scherleinsöd b. Untergriesbach,16027
5446,Steinbruck,13.6517485,48.589047,Steinbruck,5446
5445,Taubing,13.661257,48.5834105,Taubing,5445
12439,Untergriesbach,11.152798,48.4578037,Untergriesbach,12439
5434,"Untergriesbach, Fa. Heigl",13.6697725,48.576805,"Untergriesbach, Fa. Heigl",PUPO
5427,"Untergriesbach, Gymnasium",13.66469,48.57916,"Untergriesbach, Gymnasium",PAUG
5396,"Untergriesbach, Marktplatz",13.6670495,48.573453,"Untergriesbach, Marktplatz",PAUM
5397,"Untergriesbach, Marktstraße",13.67509,48.572931,"Untergriesbach, Marktstraße",PUMM
5398,"Untergriesbach, Stefflhäusl",13.6907115,48.574632,"Untergriesbach, Stefflhäusl",5398
16517,"Untergriesbach, Taubing 15",13.6695442,48.5877347,"Untergriesbach, Taubing 15",16517
4021,"Untergriesbach, Verbandsschule",13.6617405,48.572805,"Untergriesbach, Verbandsschule",PUVS
5395,"Untergriesbach, West",13.6593845,48.5722705,"Untergriesbach, West",5395
5787,Unterötzdorf,13.692609,48.584363,Unterötzdorf,5787
5401,Wildenranna,13.732282,48.577892000000006,Wildenranna,PWLD
5885,"Wildenranna, Sparkasse",13.7368905,48.579836,"Wildenranna, Sparkasse",5885
5435,Würmholz,13.676666,48.5874475,Würmholz,5435
4360,"Freundorf, Kreuzung",13.037844,48.590074,"Freundorf, Kreuzung",PFDK
4361,Heinrichsdorf,13.0305445,48.5906435,Heinrichsdorf,4361
4362,"Pörndorf, Raiba",13.0023065,48.5952965,"Pörndorf, Raiba",4362
4364,Gainstorf,13.028492,48.608013,Gainstorf,PGSF
11848,Hütter,13.057304,48.6234495,Hütter,11848
5350,Kriestorf,13.04511,48.609272,Kriestorf,PKRI
11338,"Aidenbach, Abzw. Haidenburg",13.077873,48.5694905,"Aidenbach, Abzw. Haidenburg",11338
11532,"Aidenbach, Doblbauer Str.",13.097511,48.561063,"Aidenbach, Doblbauer Str.",11532
6556,"Aidenbach, Kirche",13.08937,48.5674745,"Aidenbach, Kirche",PAKI
6547,"Aidenbach, Ludwigstraße",13.093256,48.5643655,"Aidenbach, Ludwigstraße",6547
6462,"Aidenbach, Marktplatz",13.0876425,48.5677875,"Aidenbach, Marktplatz",PEAI
4474,"Aidenbach, Plinganserstr.",13.099113,48.561228,"Aidenbach, Plinganserstr.",4474
11476,"Aidenbach, Unterer Markt",13.085197999999998,48.5681185,"Aidenbach, Unterer Markt",11476
4472,"Hermannshöhe, Abzw",13.0843925,48.5746885,"Hermannshöhe, Abzw",4472
11531,Hollerbach,13.0909705,48.559345,Hollerbach,11531
4473,Karling,13.08444,48.570691,Karling,4473
4249,Atzing bei Ortenburg,13.156619,48.5618815,Atzing bei Ortenburg,4249
4163,Au bei Reisbach,13.1966305,48.529324,Au bei Reisbach,4163
4401,Hofstetten bei Rainding,13.185269000000002,48.5302135,Hofstetten bei Rainding,PHOF
4402,"Parschalling, Abzw",13.170398,48.5329745,"Parschalling, Abzw",4402
4500,"Parschalling, Abzw Oberiglbach",13.168982,48.5395065,"Parschalling, Abzw Oberiglbach",4500
4144,Rainding,13.1756665,48.5308605,Rainding,PRAI
4145,Reisbach,13.203327,48.5290795,Reisbach,PREI
5956,"Reisbach, Abzw",13.206915,48.527811,"Reisbach, Abzw",5956
4403,Sammarei,13.163,48.52989,Sammarei,4403
15050,St. Salvator Kloster,13.195446,48.50589,St. Salvator Kloster,15050
4032,"St. Salvator, Abzw",13.200225,48.5063995,"St. Salvator, Abzw",4032
4400,"St. Salvator, Ortsmitte",13.198623,48.50511,"St. Salvator, Ortsmitte",PSTS
4134,"Unteriglbach, Denkmal",13.1942105,48.555677,"Unteriglbach, Denkmal",PUID
5943,"Unteriglbach, Gh Seewirt",13.2019015,48.554753,"Unteriglbach, Gh Seewirt",PUIG
4278,Haunreut,13.303773,48.554534,Haunreut,PHAU
4291,Jägerwirth,13.29517,48.560834,Jägerwirth,PJAE
4309,"Jägerwirth, Aigner",13.292609,48.561428,"Jägerwirth, Aigner",PJWA
9467,"Jägerwirth, Grundschule",13.295173,48.560836,"Jägerwirth, Grundschule",PJGS
4290,"Jägerwirth, Siedlung",13.2989965,48.557962,"Jägerwirth, Siedlung",PJWS
4294,Kemating bei Voglarn,13.2661945,48.5724955,Kemating bei Voglarn,4294
11051,Peslöd,13.2806995,48.558827,Peslöd,11051
5947,"Steinbach bei Ortenb., Hs.-Nr.23",13.2649645,48.5249275,"Steinbach b.Ortenb., Hs.-Nr.23",5947
4395,"Steinbach bei Ortenburg, Abzw",13.2528625,48.5209745,"Steinbach bei Ortenburg, Abzw",4395
5946,"Steinbach bei Ortenburg, Ort",13.254836,48.5217755,"Steinbach bei Ortenburg, Ort",5946
4293,Voglarn bei Jägerwirth,13.276471999999998,48.5692445,Voglarn bei Jägerwirth,PVGL
5944,"Weghof, Abzw",13.247371,48.520643,"Weghof, Abzw",5944
5945,"Weghof, Ort",13.24743,48.521707,"Weghof, Ort",5945
4166,"Weweck, Abzw Hübing",13.2440885,48.5222675,"Weweck, Abzw Hübing",PWAH
9477,Elexenbach,13.259192,48.5725485,Elexenbach,9477
9476,"Galla, Haus Nr.11",13.252949,48.5757635,"Galla, Haus Nr.11",9476
4262,"Galla, Kreuzung",13.250359,48.5734605,"Galla, Kreuzung",PGAL
4263,"Greil, Abzw",13.261832,48.585539,"Greil, Abzw",4263
9478,Untervoglarn,13.271684,48.5746845,Untervoglarn,9478
4376,"Altenmarkt, Abzw Platte",13.338327,48.555867,"Altenmarkt, Abzw Platte",4376
9465,"Altenmarkt, Platte",13.3407115,48.553031,"Altenmarkt, Platte",9465
4377,"Rehschaln, Abzw Jägerwirth",13.330465,48.5462815,"Rehschaln, Abzw Jägerwirth",4377
4378,"Rehschaln, Gh Zieringer",13.3289545,48.5418075,"Rehschaln, Gh Zieringer",4378
4308,"Rehschaln, Ortsmitte",13.330701,48.5460115,"Rehschaln, Ortsmitte",PROE
9466,"Rehschaln, Steuerer",13.330465,48.5462815,"Rehschaln, Steuerer",9466
4373,"Haarschedl, Anw. Schatzl",13.3843015,48.5680965,"Haarschedl, Anw. Schatzl",PHAS
4374,"Haarschedl, Fürstenz.Str.21",13.375706,48.5655885,"Haarschedl, Fürstenz.Str.21",PHFS
4375,"Haarschedl, Fürstenz.Str.31",13.366599,48.5612555,"Haarschedl, Fürstenz.Str.31",PHSW
4372,"Neustift bei Passau, Kirche",13.3942875,48.5731005,"Neustift bei Passau, Kirche",4372
5383,Kernmühle,13.527349999999998,48.587991,Kernmühle,PKEM
5382,Löwmühle,13.513965,48.591712,Löwmühle,5382
9751,Niedersatzbach,13.5131935,48.59634,Niedersatzbach,9751
5381,"Passau, Lindau",13.5014165,48.5851615,"Passau, Lindau",5381
10831,"Erlau, Feuerwehrhaus",13.5798555,48.563647,"Erlau, Feuerwehrhaus",PEFH
5384,"Erlau, Ortsmitte",13.5794665,48.5632345,"Erlau, Ortsmitte",PAER
12432,Obernzell,13.6388498,48.5542806,Obernzell,12432
5387,"Obernzell, Abzw Bf",13.6328025,48.5556415,"Obernzell, Abzw Bf",5387
5389,"Obernzell, Bachstr.",13.6430933,48.5576181,"Obernzell, Bachstr.",5389
5386,"Obernzell, Fa. Bauer",13.625271,48.5573675,"Obernzell, Fa. Bauer",5386
5390,"Obernzell, Fähre",13.6432705,48.5532265,"Obernzell, Fähre",5390
5388,"Obernzell, Marktplatz",13.63846,48.5543015,"Obernzell, Marktplatz",PAOZ
16026,Hanzing bei Untergriesbach,13.6598827,48.5469619,Hanzing b. Untergriesbach,16026
5433,Lämmersdorf,13.6944955,48.5585135,Lämmersdorf,PULD
16025,Niederndorf bei Untergriesbach,13.6673825,48.5502074,Niederndorf b. Untergriesbach,16025
5473,Oberöd,13.706527,48.5453725,Oberöd,5473
5472,Unteröd,13.704441,48.5520865,Unteröd,PAUN
16024,Willersdorf bei Untergriesbach,13.6782382,48.5508223,Willersdorf b. Untergriesbach,16024
4304,"Haidenburg, Ortsanfang",13.021873,48.5686175,"Haidenburg, Ortsanfang",PHAO
4358,Schwarzholz,13.053719,48.589262,Schwarzholz,4358
11177,"Uttigkofen, Abzw. Galgenberg",13.0355105,48.584249,"Uttigkofen, Abzw. Galgenberg",11177
4359,"Uttigkofen, Kirche",13.0312105,48.5812855,"Uttigkofen, Kirche",PUTK
5785,"Uttigkofen, Pfarrhofweg",13.028661,48.5783745,"Uttigkofen, Pfarrhofweg",5785
4357,Weng bei Aldersbach,13.053146,48.596268,Weng bei Aldersbach,4357
4254,Aicha bei Beutelsbach,13.131875999999998,48.5396845,Aicha bei Beutelsbach,4254
4159,Oberham bei Beutelsbach,13.1452695,48.5450695,Oberham bei Beutelsbach,4159
4157,"Rappmannsberg, Abzw",13.135725,48.542139,"Rappmannsberg, Abzw",4157
4156,"Tillbach, Abzw Aicha",13.1171405,48.5375965,"Tillbach, Abzw Aicha",4156
4155,"Tillbach, Hs.-Nr.36",13.1148515,48.5444655,"Tillbach, Hs.-Nr.36",4155
5951,"Tillbach, Hs.-Nr.72",13.116737,48.5373175,"Tillbach, Hs.-Nr.72",5951
5952,"Unterthambach, Abzw Oberthamb.",13.115256,48.528268,"Unterthambach, Abzw Oberthamb.",5952
4158,"Weihersberg, Abzw.",13.1402875,48.5433095,"Weihersberg, Abzw.",4158
903,Bergham bei Aidenbach,13.135408,48.559379,Bergham bei Aidenbach,903
4475,"Beutelsbach, Bäckerei Klinger",13.1133905,48.5514075,"Beutelsbach, Bäckerei Klinger",PVBB
5784,"Beutelsbach, Schule",13.1142745,48.552111,"Beutelsbach, Schule",PBUS
4154,"Langenbruck bei Aidenbach, Abzw",13.1215015,48.5617765,"Langenbruck b. Aidenbach, Abzw",PLBA
4230,Langenbruck bei Aidenbach,13.125554,48.561861500000006,Langenbruck bei Aidenbach,PLAN
4160,Ledering,13.151421,48.547518,Ledering,4160
4397,Wurmaign,13.171014,48.550576,Wurmaign,4397
5907,Bergham bei Haarbach,13.17182,48.509428,Bergham bei Haarbach,PBGH
4141,Haarbach bei Griesbach,13.1470925,48.502073,Haarbach bei Griesbach,PHBG
5910,"Haarbach, Abzw Rainding",13.145745,48.5033295,"Haarbach, Abzw Rainding",PHBA
3996,"Haarbach, Volksschule",13.14933,48.501139,"Haarbach, Volksschule",PHAV
4196,Kettenham,13.1751165,48.559366,Kettenham,4196
4281,Moos bei Sammerei,13.1603425,48.542385,Moos bei Sammerei,4281
4142,Niederham bei Haarbach,13.152957,48.511737,Niederham bei Haarbach,PPNH
1559,Nussertsham,13.151493,48.497999,Nussertsham,1559
5909,Oberbergham,13.179018,48.507255,Oberbergham,POBB
4195,"Oberiglbach, Käser",13.1705745,48.569081,"Oberiglbach, Käser",POIK
4143,Sachsenham,13.1546575,48.5225735,Sachsenham,4143
1570,"Unterthalham, Abzw",13.154983,48.526865,"Unterthalham, Abzw",1570
4404,Wies bei Sammarei,13.1577515,48.5292745,Wies bei Sammarei,4404
5905,"Wies bei Sammarei, Anw. Haider",13.159623,48.52804,"Wies bei Sammarei, Anw. Haider",5905
15053,Eckartsöd,13.221189,48.507889,Eckartsöd,15053
15922,Hübing,13.238216,48.515172,Hübing,15922
4040,Rehwinkl,13.223522,48.501145,Rehwinkl,4040
15049,Schrazenberg,13.2075,48.50596,Schrazenberg,15049
5955,Thiersbach,13.23358,48.505247,Thiersbach,PTHI
9385,"Aspertsham bei Fü.,Abzw Kemating",13.3344045,48.514948,"Aspertsham b.Fü.,Abzw Kemating",9385
9018,Aspertsham bei Fürstenzell,13.3353565,48.5151225,Aspertsham bei Fürstenzell,PAPH
4035,"Aspertsham, Abzw Fürstenzell",13.3353545,48.5151225,"Aspertsham, Abzw Fürstenzell",4035
4384,Bad Pilzweg,13.302751,48.5143105,Bad Pilzweg,4384
4370,Breitengern,13.346964,48.530268,Breitengern,4370
12420,Fürstenzell,13.329229,48.522294,Fürstenzell,12420
5318,"Fürstenzell, Bergstr.",13.315923,48.52788150000001,"Fürstenzell, Bergstr.",5318
5949,"Fürstenzell, Heimvolksschule",13.322545,48.522627,"Fürstenzell, Heimvolksschule",PFÜH
4382,"Fürstenzell, Marktplatz",13.3180775,48.5225805,"Fürstenzell, Marktplatz",PFZM
5058,"Fürstenzell, Pfandlweg",13.3116955,48.5198315,"Fürstenzell, Pfandlweg",PFPW
4383,"Fürstenzell, Zellauerweg",13.311423,48.523402,"Fürstenzell, Zellauerweg",4383
4379,Ginglsöd,13.325456,48.5301245,Ginglsöd,PGIN
4394,Göbertsham,13.274648,48.5305935,Göbertsham,4394
5948,"Göbertsham, Abzw",13.275263,48.529101,"Göbertsham, Abzw",5948
9435,"Hafering, Hs.-Nr.41",13.320356,48.505995,"Hafering, Hs.-Nr.41",9435
4393,Hissenau,13.291955,48.5324695,Hissenau,4393
4371,Irsham,13.3355265,48.527039,Irsham,PIRS
4369,Kleingern,13.361645,48.5349615,Kleingern,PKLG
4446,"Kleingern, Abzw Hochstraße",13.36119,48.539252,"Kleingern, Abzw Hochstraße",4446
4329,"Kleingern, Kreuzung",13.3616385,48.5349585,"Kleingern, Kreuzung",PKLK
5958,"Kleinloipertsham, Abzw",13.2983615,48.514388,"Kleinloipertsham, Abzw",PKLH
4105,"Kurzeichet, Abzw",13.361519,48.532898,"Kurzeichet, Abzw",4105
4099,"Kurzeichet, Hasengasse",13.3596575,48.526531,"Kurzeichet, Hasengasse",4099
4385,"Loipertsham, Abzw",13.2922075,48.511155,"Loipertsham, Abzw",4385
9436,Oderer,13.344452,48.508748,Oderer,9436
4034,"Niederreisching, Abzw Aubach",13.3625205,48.51291,"Niederreisching, Abzw Aubach",4034
9387,"Hörbertsham, Abzw",13.360433,48.5014755,"Hörbertsham, Abzw",9387
4090,"Neukirchen a. Inn, Bf",13.3706085,48.5175615,"Neukirchen a. Inn, Bf",4090
9413,"Neukirchen a. Inn, Friedhof",13.368931,48.5173535,"Neukirchen a. Inn, Friedhof",9413
4088,"Neukirchen a. Inn, Jochamstr.",13.3780955,48.5244925,"Neukirchen a. Inn, Jochamstr.",4088
4089,"Neukirchen a. Inn, Raiba",13.3734645,48.520439,"Neukirchen a. Inn, Raiba",PNRA
4311,"Neukirchen a. Inn, Sportplatz",13.3792905,48.525268,"Neukirchen a. Inn, Sportplatz",4311
4368,"Pfenningbach, Abzw",13.3810905,48.533529,"Pfenningbach, Abzw",4368
4031,"Pfenningbach, Hauptstraße",13.3844135,48.530634500000005,"Pfenningbach, Hauptstraße",PPFH
9386,Spitzöd,13.356463,48.4978905,Spitzöd,9386
4210,Schönplatzl,13.414064,48.532453,Schönplatzl,4210
4211,Langbruck bei Passau,13.4172385,48.523315,Langbruck bei Passau,4211
5392,Grünau,13.6685395,48.535531500000005,Grünau,5392
5391,Kohlbachmühle,13.662368,48.538801500000005,Kohlbachmühle,5391
5475,Gottsdorf,13.730574,48.532684,Gottsdorf,PAGD
5477,"Gottsdorf, Bad",13.7260365,48.534158000000005,"Gottsdorf, Bad",5477
5474,Ramesberg,13.7173005,48.5344125,Ramesberg,5474
956,"Amsham bei Griesbach, Abzw Haag",13.1671485,48.4554235,"Amsham b.Griesbach, Abzw Haag",PAHA
5920,Amsham bei Griesbach,13.1619125,48.4534845,Amsham bei Griesbach,PAMS
5915,Edt bei Haarbach,13.10042,48.4935555,Edt bei Haarbach,5915
5911,"Grongörgen, Abzw",13.135116,48.498714500000006,"Grongörgen, Abzw",5911
6540,Hillöd,13.092541,48.512911,Hillöd,6540
6309,Kemauthen,13.1091315,48.501198,Kemauthen,PKMA
2408,"Kemauthen, Hs.-Nr.3",13.1120485,48.5017275,"Kemauthen, Hs.-Nr.3",2408
5913,Kroißen,13.1248185,48.506621,Kroißen,5913
5954,"Kroißen, Abzw Haarbach",13.126428,48.50731,"Kroißen, Abzw Haarbach",5954
6541,Oberhörbach,13.10173,48.514789,Oberhörbach,6541
5912,"Oberndorf bei Griesbach, Abzw",13.127636,48.501504,"Oberndorf bei Griesbach, Abzw",5912
8047,Unterhörbach,13.116164,48.517571,Unterhörbach,8047
5953,"Unterhörbach, Abzw Oberhörbach",13.1202795,48.5177285,"Unterhörbach, Abzw Oberhörbach",5953
5914,Wolfakirchen,13.103599,48.499941,Wolfakirchen,5914
5933,Aicha i. Tal,13.159873,48.430075,Aicha i. Tal,5933
5906,"Anleng, Abzw",13.159467,48.5102,"Anleng, Abzw",5906
4406,Hötzenham,13.1517135,48.488251000000005,Hötzenham,4406
5930,"Hötzenham, Abzw",13.156574,48.485076,"Hötzenham, Abzw",5930
11669,Lerchen HsNr 6,13.1166335,48.4777585,Lerchen HsNr 6,PPLR
5931,"Parzham, Br.Konrad",13.162097,48.4411845,"Parzham, Br.Konrad",5931
5932,"Parzham, Ort",13.1595895,48.4359145,"Parzham, Ort",5932
4405,Riedertsham,13.146984,48.4925825,Riedertsham,4405
5919,"Riedertsham, Abzw",13.147637,48.490012,"Riedertsham, Abzw",5919
5917,Schmelzenholzham,13.130662,48.48710749999999,Schmelzenholzham,5917
5929,Schnellertsham,13.154797,48.476309,Schnellertsham,5929
4140,Unteruttlau,13.161627500000002,48.48484,Unteruttlau,PUUT
5918,"Winkl bei Haarbach, Abzw",13.1374485,48.4857575,"Winkl bei Haarbach, Abzw",5918
15048,Zehentreith,13.222475,48.498234,Zehentreith,15048
4033,"Zehentreith, Abzw",13.203612,48.5009995,"Zehentreith, Abzw",PZEA
4386,"Gründobl, Abzw",13.285599,48.5028865,"Gründobl, Abzw",4386
5959,"Hocheck, Abzw",13.286556,48.506938000000005,"Hocheck, Abzw",5959
4388,"Mitterdorf bei Bad Höhenst.,Abzw",13.2818375,48.4950205,"Mitterdorf b.Bad Höhenst.,Abzw",4388
9433,Mitterdorf bei Bad Höhenstadt,13.28023,48.495656,Mitterdorf bei Bad Höhenstadt,9433
4387,"Winkl bei Schmidham, Abzw",13.2851325,48.4988365,"Winkl bei Schmidham, Abzw",4387
4109,"Bad Höhenstadt, Abzw Bf",13.3206585,48.499077,"Bad Höhenstadt, Abzw Bf",4109
4038,"Bad Höhenstadt, Bf",13.323647,48.4948835,"Bad Höhenstadt, Bf",4038
9434,"Bad Höhenstadt, Kurhaus",13.3140005,48.500155500000005,"Bad Höhenstadt, Kurhaus",9434
4037,"Bad Höhenstadt, Tankstelle",13.3206595,48.499078,"Bad Höhenstadt, Tankstelle",4037
9430,"Grund, Gh Taubenneder",13.299814,48.4752215,"Grund, Gh Taubenneder",9430
9431,"Grund, Ortsanfang",13.2973665,48.479619,"Grund, Ortsanfang",PGDO
9427,Hausmanning,13.305345,48.45749,Hausmanning,9427
4036,Kemating bei Bad Höhenstadt,13.3337665,48.5054305,Kemating bei Bad Höhenstadt,4036
9428,Steinwies,13.301985,48.4640105,Steinwies,PSEW
11665,"Eglsee, Abzw. Neukirchen am Inn",13.3942185,48.4867285,"Eglsee, Abzw. Neukirchen am Inn",11665
4312,Fürstdobl,13.405196,48.5180805,Fürstdobl,4312
11666,Grünet,13.373354,48.5003385,Grünet,11666
4313,Schmelzing,13.4158985,48.5179075,Schmelzing,4313
4212,"Schmelzing, Abzw",13.4254205,48.516076,"Schmelzing, Abzw",4212
11664,Steinhügl bei Neuburg a. Inn,13.402168,48.507589,Steinhügl b. Neuburg a. Inn,11664
4057,"Jochenstein, Kraftwerk",13.709106,48.520263,"Jochenstein, Kraftwerk",4057
5394,"Jochenstein, Ort",13.717205,48.517411,"Jochenstein, Ort",PAIO
5922,Buchet,13.139626,48.46965,Buchet,5922
5923,"Buchet, Abzw Schildorn",13.135036,48.468629,"Buchet, Abzw Schildorn",5923
15047,"Buchet, Hs-Nr.6",13.136592,48.464995,"Buchet, Hs-Nr.6",15047
5925,"Einöden, Hs.-Nr.9",13.130609,48.4640825,"Einöden, Hs.-Nr.9",5925
5924,"Einöden, WH",13.123054,48.469323,"Einöden, WH",5924
5921,St. Wolfgang,13.1458065,48.4613465,St. Wolfgang,5921
5926,Steina bei Weng,13.1356845,48.4523695,Steina bei Weng,5926
957,"Steina bei Weng, Hs.-Nr.27",13.1449055,48.4505865,"Steina bei Weng, Hs.-Nr.27",957
15055,Thal bei Griesbach,13.138538,48.449364,Thal b. Griesbach,15055
5928,"Weng bei Griesbach, Abzw Buchet",13.152722,48.454771,"Weng b. Griesbach, Abzw Buchet",5928
15056,"Weng bei Griesbach, Abzw. Am Kirchberg",13.14872,48.451128,"Weng b. Griesbach, Abzw. Am Kirchberg",15056
15057,"Weng bei Griesbach, Am Kirchberg",13.15241,48.451466,"Weng b. Griesbach, Am Kirchberg",15057
5927,"Weng bei Griesbach, Jugendheim",13.151202,48.448816,"Weng bei Griesbach, Jugendheim",PWJU
15054,Bad Griesbach Einfahrt Sportzentrum,13.187419,48.451925,Bad Griesbach Einfahrt Sportzentrum,15054
9453,"Bad Griesbach, Badhaus",13.201169,48.453773,"Bad Griesbach, Badhaus",PGBH
4228,"Bad Griesbach, Bräugasse",13.202821,48.455292,"Bad Griesbach, Bräugasse",4228
15046,"Bad Griesbach, Fachmarktzentrum",13.189598,48.440267,"Bad Griesbach, Fachmarktzentrum",15046
4409,"Bad Griesbach, Feuerwehrhaus",13.1967965,48.4582115,"Bad Griesbach, Feuerwehrhaus",4409
3995,"Bad Griesbach, Grund- und Mittelschule",13.197875,48.453308,"Bad Griesbach, Grund- und Mittelschule",PBGV
9451,"Bad Griesbach, Karpfhamer-Str.",13.197898,48.4431655,"Bad Griesbach, Karpfhamer-Str.",9451
4410,"Bad Griesbach, Lindenfeld",13.1896125,48.442668,"Bad Griesbach, Lindenfeld",PBGL
7927,"Bad Griesbach, Mini-Mal",13.200015,48.452906,"Bad Griesbach, Mini-Mal",7927
4411,"Bad Griesbach, Passauer Str.",13.1943095,48.454973,"Bad Griesbach, Passauer Str.",4411
7926,"Bad Griesbach, Plinganserstr.",13.199925,48.453681,"Bad Griesbach, Plinganserstr.",7926
4151,"Bad Griesbach, Post",13.193546,48.449126500000006,"Bad Griesbach, Post",PGRP
4198,"Bad Griesbach, Realschule",13.198716,48.45375466666667,"Bad Griesbach, Realschule",PGRR
9450,"Bad Griesbach, Residenz",13.197739,48.4408945,"Bad Griesbach, Residenz",PGRZ
15042,"Bad Griesbach, Rewe",13.199722,48.445622,"Bad Griesbach, Rewe",15042
4150,"Bad Griesbach, Stadtplatz",13.193331,48.4512675,"Bad Griesbach, Stadtplatz",PGST
9452,"Bad Griesbach, Steinkart",13.2007415,48.4493445,"Bad Griesbach, Steinkart",9452
5319,"Bad Griesbach, Therme",13.183746,48.432004,"Bad Griesbach, Therme",PGRT
4170,"Bad Griesbach-Therme, Am Kurwald",13.189213,48.427872,"Bad Griesbach-Therme, Am Kurwald",RPGP
4152,"Bad Griesbach-Therme, Holzhäusl",13.185299,48.430868,"Bad Griesbach-Therme, Holzhäusl",PBGT
3737,"Forsting, Abzw",13.201025,48.465771,"Forsting, Abzw",3737
5935,Hub bei Griesbach,13.186034,48.450988,Hub bei Griesbach,5935
5934,Kurzholz,13.1733515,48.445133,Kurzholz,5934
4408,Lederbach,13.1780145,48.4648355,Lederbach,4408
15045,Oberham,13.176785,48.426323,Oberham,15045
4366,Oberuttlau,13.1684265,48.476886,Oberuttlau,4366
4389,"Erbersdobl, Abzw",13.26708,48.4903705,"Erbersdobl, Abzw",4389
5964,Niederreutern,13.2465725,48.466424,Niederreutern,5964
4367,"Obergrün, Abzw",13.2201315,48.4641385,"Obergrün, Abzw",4367
4392,"Reutern, Abzw Adlmörting",13.227244,48.4683475,"Reutern, Abzw Adlmörting",4392
4391,"Reutern, Gh Lorenz",13.2321415,48.4676745,"Reutern, Gh Lorenz",4391
6643,"Schmidham, Abzw Tettenweis",13.253062,48.4785815,"Schmidham, Abzw Tettenweis",6643
6574,Hundshaupten,13.263351,48.4639835,Hundshaupten,6574
5960,Hütting bei Tettenweis,13.294475,48.466263,Hütting bei Tettenweis,PHÜT
5962,"Hütting bei Tettenweis, Abzw",13.301184,48.466952000000006,"Hütting bei Tettenweis, Abzw",PHÜA
5294,Steindorf,13.238593,48.391444,Steindorf,5294
9432,"Steindorf, Hs.-Nr.4",13.283947,48.493332,"Steindorf, Hs.-Nr.4",9432
6548,"Eglsee, Metzgerei",13.394019,48.4865515,"Eglsee, Metzgerei",6548
4039,"Engertsham, Gstöttl",13.357523,48.4763865,"Engertsham, Gstöttl",4039
9392,"Engertsham, Schule",13.358525,48.481317,"Engertsham, Schule",9392
9390,Hub bei Engertsham,13.3432115,48.4833845,Hub bei Engertsham,9390
5106,Krottenberg,13.389543,48.4722585,Krottenberg,5106
9398,Pemelöd,13.346614,48.473049,Pemelöd,9398
9389,Strangmühle,13.331929,48.4875485,Strangmühle,9389
4041,"Sulzbach, Bf",13.38168,48.455004,"Sulzbach, Bf",PSBB
4073,"Sulzbach, Neuhauser Str. 15",13.389884,48.460046,"Sulzbach, Neuhauser Str. 15",PSNS
9395,"Sulzbach, Zeintlm.- Str. 2",13.3885615,48.457978,"Sulzbach, Zeintlm.- Str. 2",PSBZ
9411,"Untersimbach, Kapelle",13.357463,48.493184,"Untersimbach, Kapelle",9411
9410,"Untersimbach, Niedermayer",13.357702,48.490002,"Untersimbach, Niedermayer",9410
1591,Wallham,13.347486,48.4820275,Wallham,1591
9399,Wartmanning,13.3390215,48.4648975,Wartmanning,9399
6951,"Döfreuth, Abzw Vornbach",13.4048705,48.477157000000005,"Döfreuth, Abzw Vornbach",6951
6952,"Döfreuth, Anw Sommer",13.4077695,48.4735095,"Döfreuth, Anw Sommer",6952
4214,Dommelstadl,13.4407815,48.5110315,Dommelstadl,PDOM
4217,Kopfsberg,13.429500999999998,48.4929045,Kopfsberg,4217
4215,Neuburg a. Inn,13.4483585,48.5058285,Neuburg a. Inn,PNBI
11668,"Reuth, Gärtnerei",13.435036,48.498362,"Reuth, Gärtnerei",11668
4213,"Straß bei Neuburg a.Inn, Schloß",13.433975,48.513005,"Straß b. Neuburg a.Inn, Schloß",4213
5720,Enthof,13.131737,48.392386,Enthof,5720
5706,Krumpendobl,13.127753,48.390522,Krumpendobl,5706
1671,Leithen bei Kößlarn,13.123892,48.377649,Leithen bei Kößlarn,PLET
4078,Neugertsham,13.151336,48.390888,Neugertsham,PNGT
9126,Öd bei Kößlarn,13.120915,48.386981,Öd bei Kößlarn,9126
4079,Thanham,13.1408025,48.391579,Thanham,PTHH
5957,Afham bei Karpfham,13.2108825,48.4261145,Afham bei Karpfham,5957
9449,Aunham bei Bad Griesbach,13.1996505,48.435293,Aunham bei Bad Griesbach,9449
10435,Karpfham bei Bad Griesbach,13.214437,48.418656,Karpfham b. Bad Griesbach,10435
4193,"Karpfham bei Griesb., Tankstelle",13.2118645,48.4205535,"Karpfham b.Griesb., Tankstelle",4193
9448,"Karpfham, Kirche",13.213705,48.4186272,"Karpfham, Kirche",PKAR
15043,"Karpfham, Pfandl",13.209103,48.420272,"Karpfham, Pfandl",15043
4139,Schwaim,13.182779666666669,48.41987700000001,Schwaim,4139
9447,Singham,13.1996555,48.419925,Singham,9447
15044,"Singham, Campingplatz",13.19216,48.42018,"Singham, Campingplatz",15044
9426,Hader,13.291513,48.4552025,Hader,PHAD
9425,"Hader, Abzw",13.305234,48.452045,"Hader, Abzw",PHAA
9438,"Hader, Abzw Schmidham",13.293779,48.456002,"Hader, Abzw Schmidham",PHDA
9424,Kleeberg,13.311077,48.4481595,Kleeberg,9424
5963,Neuhofen,13.276844,48.4587085,Neuhofen,5963
11697,Tadlhub,13.2623765,48.456153,Tadlhub,11697
958,Tettenham,13.264111,48.4498295,Tettenham,958
5965,Tettenweis,13.2697505,48.442620000000005,Tettenweis,PTTW
9423,Trostling,13.3201585,48.44267,Trostling,PTRO
9379,Afham bei Hartkirchen,13.391542,48.432449,Afham bei Hartkirchen,9379
9407,Euling,13.3740065,48.4690805,Euling,9407
9406,Geiselberg,13.366881500000002,48.473543500000005,Geiselberg,9406
9400,Holzhäuser bei Ruhstorf,13.330612,48.457175500000005,Holzhäuser bei Ruhstorf,9400
9401,"Pillham, Abzw",13.320238,48.4506555,"Pillham, Abzw",9401
9422,"Pillham, Schützenhaus",13.320215,48.452262,"Pillham, Schützenhaus",9422
4224,Reding,13.399378,48.4267095,Reding,4224
4222,"Mittich, Dorfplatz",13.397812,48.440408,"Mittich, Dorfplatz",PMID
9397,"Mittich, Kirchplatz",13.3964604,48.4418804,"Mittich, Kirchplatz",PMKP
4223,"Mittich, Post",13.39601,48.4368865,"Mittich, Post",4223
4221,"Neuhaus a. Inn, Abzw Schärd.",13.419094,48.455025500000005,"Neuhaus a. Inn, Abzw Schärd.",4221
4342,"Neuhaus a. Inn, Am Klosterfeld",13.4227345,48.4650335,"Neuhaus a. Inn, Am Klosterfeld",4342
4220,"Neuhaus a. Inn, Kriegerdenkmal",13.420489,48.461247,"Neuhaus a. Inn, Kriegerdenkmal",PNHK
9381,"Neuhaus a. Inn, Rathaus",13.420991,48.461144,"Neuhaus a. Inn, Rathaus",PNRH
1609,"Neuhaus a. Inn, Sparkasse",13.4200455,48.460368,"Neuhaus a. Inn, Sparkasse",PNUS
9382,"Neuhaus a. Inn, Volksfestplatz",13.424408,48.458178,"Neuhaus a. Inn, Volksfestplatz",PNEK
12430,Neuhaus am Inn,13.4199648,48.461631,Neuhaus am Inn,12430
4219,Niederschärding,13.4246105,48.473993500000006,Niederschärding,4219
6954,Pumstetten,13.4101485,48.468209,Pumstetten,6954
9396,"Pumstetten, Abzw",13.4050885,48.4632915,"Pumstetten, Abzw",9396
3748,"Rothof, Anw Pilstl",13.4179385,48.4867465,"Rothof, Anw Pilstl",3748
3924,"Rothof, Hartlmühle",13.419939,48.483092,"Rothof, Hartlmühle",3924
4315,"Schärding, Tummelplatzstr.",13.4330222,48.4578369,"Schärding, Tummelplatzstr.",PSSP
4013,Voglmühle,13.4219595,48.480641,Voglmühle,4013
4218,"Vornbach a. Inn, Abzw",13.4287675,48.483467000000005,"Vornbach a. Inn, Abzw",4218
4314,"Vornbach a. Inn, Gh Resch",13.438315,48.48572,"Vornbach a. Inn, Gh Resch",PVIR
4310,"Vornbach a. Inn, Raiba",13.4324155,48.4850065,"Vornbach a. Inn, Raiba",PVRB
959,"Vornbach a. Inn, Schaueroedstr.",13.4385592,48.4924414,"Vornbach a. Inn, Schaueroedstr.",959
4349,Hubreith,13.1491615,48.371992500000005,Hubreith,4349
4077,Kohlleiten,13.1410085,48.3593855,Kohlleiten,4077
4351,"Kößlarn, Unterer Markt",13.1258865,48.3711571,"Kößlarn, Unterer Markt",PKÖM
5942,"Moosmühle, Abzw",13.141312500000002,48.3715355,"Moosmühle, Abzw",5942
4076,Oberwesterbach,13.158513,48.354691,Oberwesterbach,4076
4350,Ragern,13.130274,48.372128,Ragern,4350
4185,"Auggenthal, WH",13.2120475,48.3777935,"Auggenthal, WH",PATW
5793,Auretsdobl,13.2041585,48.348189000000005,Auretsdobl,PAUD
4184,"Auretsdobl, Abzw Linding",13.208516,48.345227,"Auretsdobl, Abzw Linding",4184
4188,Baderöd,13.1972485,48.386574,Baderöd,4188
4238,Dantl am Hart,13.214884,48.32533,Dantl am Hart,4238
4233,Faltlleithen,13.231852,48.35336,Faltlleithen,4233
5729,Frauenöd,13.2129495,48.3853315,Frauenöd,5729
4075,Hirla,13.172493,48.357254,Hirla,4075
4187,"Holzhäuser, Haus Nr.15",13.2020175,48.3946605,"Holzhäuser, Haus Nr.15",4187
4279,Huterbauer,13.212098,48.342740500000005,Huterbauer,4279
4352,Kühbach bei Rotthalmünster,13.164373,48.370807,Kühbach bei Rotthalmünster,PKÜH
5364,"Manertsöd, Abzw",13.2122035,48.3730195,"Manertsöd, Abzw",5364
4346,"Pattenham, Feuerwehrhaus",13.185772,48.371201,"Pattenham, Feuerwehrhaus",4346
4345,"Pattenham, Sagermühle",13.1927845,48.3687235,"Pattenham, Sagermühle",4345
4347,Rottfelling,13.17558,48.370899,Rottfelling,PROF
4343,"Rotthalmünster, Bf",13.2069735,48.3583885,"Rotthalmünster, Bf",PRMB
4074,"Rotthalmünster, Griesb. Str.",13.200897,48.364589,"Rotthalmünster, Griesb. Str.",PRAF
4651,"Rotthalmünster, Grundschule",13.197414,48.361397,"Rotthalmünster, Grundschule",PRGS
4253,"Rotthalmünster, Krankenhaus",13.2040575,48.353704500000006,"Rotthalmünster, Krankenhaus",PRKH
16145,"Rotthalmünster, Lindenstr.",13.1964174,48.3562833,"Rotthalmünster, Lindenstr.",16145
4133,"Rotthalmünster, Marktplatz",13.202263,48.35910966666666,"Rotthalmünster, Marktplatz",PROM
4353,"Rotthalmünster, Mittelschule",13.19624074208464,48.3578628,"Rotthalmünster, Mittelschule",PRMH
4098,"Rotthalmünster, Siedlung",13.2060705,48.364368,"Rotthalmünster, Siedlung",PRMS
4131,"Schambach, Abzw Aigen",13.2281455,48.3342455,"Schambach, Abzw Aigen",4131
4237,"Schambach, Abzw Rotthalm.",13.226266,48.3358465,"Schambach, Abzw Rotthalm.",PSRM
4331,"Schambach, B 12",13.2279875,48.335195,"Schambach, B 12",4331
6648,"Unterwesterbach, Kreuzung",13.181416,48.356344,"Unterwesterbach, Kreuzung",PUWB
4257,"Weihmörting, Abzw",13.1892795,48.380924,"Weihmörting, Abzw",4257
4258,"Weihmörting, Abzw Karpfham",13.209254,48.395884,"Weihmörting, Abzw Karpfham",4258
4186,"Weihmörting, Kirche",13.209428,48.3959335,"Weihmörting, Kirche",PWEM
4234,Aicha bei Rotthalmünster,13.2157255,48.35767,Aicha bei Rotthalmünster,4234
5333,"Asbach bei Rotthalm., FFW",13.177545,48.39582,"Asbach b.Rotthalm., FFW",5333
4135,"Asbach bei Rotthalm., Holzhäuser",13.182223,48.391479,"Asbach b.Rotthalm., Holzhäuser",PAHH
4136,"Asbach bei Rotthalm., Kloster",13.176982,48.396032,"Asbach b.Rotthalm., Kloster",4136
5336,"Asbach, Sportplatz",13.182077,48.402442,"Asbach, Sportplatz",5336
9442,Gerau,13.2495685,48.412958,Gerau,9442
9446,"Karpfham Bahnhof, Abzw",13.187075,48.406207,"Karpfham Bahnhof, Abzw",9446
4104,"Karpfham, Baywa",13.183527,48.407733,"Karpfham, Baywa",4104
4137,"Karpfham, Bf",13.187125,48.407821,"Karpfham, Bf",PKBF
4189,"Lageln, Abzw",13.1921205,48.3823395,"Lageln, Abzw",4189
4138,"Maierhof, Abzw Karpfham",13.179897,48.4065655,"Maierhof, Abzw Karpfham",4138
5292,"Maierhof, Kapelle",13.17883,48.407299,"Maierhof, Kapelle",5292
9444,Parnham,13.233567,48.4154095,Parnham,9444
9439,"Poigham, Feuerwehrhaus",13.261698,48.414446,"Poigham, Feuerwehrhaus",PPOIF
11002,Kollmannsöd,13.249459,48.389353,Kollmannsöd,11002
10799,Oberrohr,13.248993,48.372411,Oberrohr,10799
1593,Penning,13.1888485,48.40549,Penning,1593
4191,"Penning, Schätz",13.1934215,48.404464,"Penning, Schätz",4191
11004,"Tannenbaum, Hs. Nr. 2",13.257482499999998,48.378331,"Tannenbaum, Hs. Nr. 2",11004
10798,Unterrohr,13.2512805,48.377189,Unterrohr,PATR
11555,"Unterrohr, Abzw. Tannenbaum",13.256265,48.376424,"Unterrohr, Abzw. Tannenbaum",11555
4192,Wopping,13.197859,48.403161,Wopping,4192
15103,"Wopping, Anw. Pirkl",13.200677,48.403038,"Wopping, Anw. Pirkl",15103
9441,Brunnader,13.2585045,48.3933295,Brunnader,9441
4101,Eggersham,13.2702135,48.40287,Eggersham,4101
11553,"Eggersham, Abzw. Ausbach/Reith",13.2774675,48.40422,"Eggersham, Abzw. Ausbach/Reith",11553
4338,Felding,13.2866795,48.3801605,Felding,PFLD
9445,Kühnham,13.247284,48.402026000000006,Kühnham,9445
4102,"Kühnham, Abzw Schönburg",13.2470545,48.399396,"Kühnham, Abzw Schönburg",4102
5972,"Osterholzen, Abzw",13.277026,48.370362,"Osterholzen, Abzw",PAOA
4103,"Schalkham, Straßenkreuzung",13.2132525,48.403438,"Schalkham, Straßenkreuzung",4103
9440,Schönburg,13.26836,48.3847765,Schönburg,9440
5976,Thalling,13.27268,48.384504,Thalling,PTHG
4330,"Thalling, Abzw Schönburg",13.275565,48.3853625,"Thalling, Abzw Schönburg",4330
5293,Wangham,13.229433,48.401735,Wangham,PWGH
4194,"Wangham, Ort",13.232922,48.401858,"Wangham, Ort",4194
4339,Zell bei Pocking,13.28793,48.3959605,Zell bei Pocking,PRZL
9409,Berging,13.366072,48.463114,Berging,9409
9408,Eholfing,13.369049,48.4525345,Eholfing,PEHO
5967,Kreuzkeller,13.293384,48.424651,Kreuzkeller,PKRZ
16342,Liegharting,13.3532673,48.4609357,Liegharting,16342
4043,Rottersham,13.3502915,48.443741,Rottersham,4043
9417,"Rotthof, Pfarrkirchener-Str. 43",13.325329020297616,48.4270247,"Rotthof, Pfarrkirchener-Str. 43",9417
4045,"Ruhstorf, Bf",13.3345235,48.433762,"Ruhstorf, Bf",RRUB
9403,"Ruhstorf, Breslauer-Str.",13.331064,48.444568,"Ruhstorf, Breslauer-Str.",PRHB
9420,"Ruhstorf, Grafenspitz",13.328463,48.445963,"Ruhstorf, Grafenspitz",9420
9418,"Ruhstorf, Hans-Loher-Str.27",13.3286465,48.4372885,"Ruhstorf, Hans-Loher-Str.27",9418
1612,"Ruhstorf, Kino",13.336728,48.438964,"Ruhstorf, Kino",1612
9421,"Ruhstorf, Kreuzkoppe",13.3254215,48.4482915,"Ruhstorf, Kreuzkoppe",9421
9419,"Ruhstorf, Metzgerei Steer",13.3358795,48.4364055,"Ruhstorf, Metzgerei Steer",9419
9402,"Ruhstorf, Modlerstr.",13.3313159,48.4435143,"Ruhstorf, Modlerstr.",9402
4044,"Ruhstorf, Passauerstr. Nr 5",13.336728,48.438964,"Ruhstorf, Passauerstr. Nr 5",4044
10433,"Ruhstorf, Pfarrkirchner Str.",13.3290185,48.4276607,"Ruhstorf, Pfarrkirchner Str.",10433
9405,"Ruhstorf, Schule",13.339875,48.436556,"Ruhstorf, Schule",RRUS
9394,"Schindelwöhr, Hs.-Nr.1",13.380101,48.451375,"Schindelwöhr, Hs.-Nr.1",9394
5969,"Taubenhub, Abzw",13.284503,48.4300015,"Taubenhub, Abzw",5969
4248,"Hartkirchen, Keltenschanze",13.390939,48.407672,"Hartkirchen, Keltenschanze",4248
4225,"Hartkirchen, Mariensäule",13.389250666666667,48.40292733333333,"Hartkirchen, Mariensäule",PHMS
16351,"Hartkirchen, Marktplatz 12",13.389036803340291,48.4024885,"Hartkirchen, Marktplatz 12",PHKM
4974,"Hartkirchen, Raiffeisenbank",13.385343,48.4044155,"Hartkirchen, Raiffeisenbank",PHRB
4317,"Hartkirchen, Schule",13.390224,48.4005,"Hartkirchen, Schule",PHSC
16214,"Hartkirchen, Untere Inntalstr. 50",13.3906383,48.4063724,"Hartkirchen, Untere Inntalstr. 50",16214
16147,"Inzing, Obere Römerstr.",13.4003464,48.4008887,"Inzing, Obere Römerstr.",16147
4231,Harham,13.1973275,48.3431365,Harham,PAHR
4132,"Malching, Abzw Nündorf",13.196232,48.3212385,"Malching, Abzw Nündorf",4132
4659,"Malching, Abzw Rotthalmünster",13.197254,48.3196,"Malching, Abzw Rotthalmünster",4659
4239,"Malching, Gh z Post",13.1893115,48.313297000000006,"Malching, Gh z Post",PAMP
4658,"Malching, Oberlechner",13.187298,48.311401,"Malching, Oberlechner",4658
16465,"Malching, Schützenstr. 9",13.1908219,48.3160756,"Malching, Schützenstr. 9",PMSC
5940,"Malching, Schützenstr.5",13.188922,48.314096500000005,"Malching, Schützenstr.5",5940
4236,Niederhof bei Malching,13.197479,48.3307505,Niederhof bei Malching,4236
5941,Nündorf,13.1934405,48.31969,Nündorf,5941
4235,Putz,13.196375,48.3372235,Putz,4235
4335,"Tutting, Anw. Schachinger",13.2455515,48.3453585,"Tutting, Anw. Schachinger",PPTB
4232,"Tutting, Kapelle",13.2518445,48.350007,"Tutting, Kapelle",PTUK
4334,"Tutting, Ort",13.248828,48.349104,"Tutting, Ort",PTUO
5975,Anzing,13.263706,48.3734645,Anzing,PANZ
11929,"Hofgarten, Schnapsmuseum",13.2832965,48.347374,"Hofgarten, Schnapsmuseum",11929
11868,"Kirchham, Am Dorfplatz",13.267805,48.34547,"Kirchham, Am Dorfplatz",11868
11989,"Kirchham, Camping Kubitza",13.276063,48.347546,"Kirchham, Camping Kubitza",11989
11928,"Kirchham, Finkenhof",13.2714085,48.3456855,"Kirchham, Finkenhof",11928
4728,"Kirchham, Haslinger Hof",13.290286,48.349577,"Kirchham, Haslinger Hof",4728
4126,"Kirchham, Haus Senator",13.2720755,48.350073,"Kirchham, Haus Senator",PKHS
4110,"Kirchham, Jagdhof",13.284847,48.354266,"Kirchham, Jagdhof",PKIJ
11927,"Kirchham, Oppowa-Kreuzung",13.2617115,48.343754,"Kirchham, Oppowa-Kreuzung",11927
4127,"Kirchham, Schule",13.2658465,48.346074,"Kirchham, Schule",PKIS
5974,"Kirchham, Tankstelle",13.261269,48.343451,"Kirchham, Tankstelle",5974
4337,"Waldstadt, Kaserne",13.277045,48.3686585,"Waldstadt, Kaserne, Abzw",4337
5936,Zanklöd,13.269595,48.3322875,Zanklöd,5936
15946,Angering 10-12,13.3093642,48.3710419,Angering 10-12,15946
4119,Angering bei Bad Füssing,13.3114635,48.3659355,Angering bei Bad Füssing,4119
4199,"Haid, Gärtnerei",13.30651,48.3811525,"Haid, Gärtnerei",4199
5973,"Haid, Hs.-Nr.12",13.307344,48.377171,"Haid, Hs.-Nr.12",5973
5966,Aumühle bei Pocking,13.301817,48.4133125,Aumühle bei Pocking,5966
4197,Berg bei Pocking,13.2920185,48.406121,Berg bei Pocking,4197
9437,Heinriching,13.2875125,48.419428,Heinriching,9437
9415,Königswiese,13.3442075,48.4252025,Königswiese,PPKW
4047,Neuindling,13.3294825,48.410024,Neuindling,4047
4100,"Pocking, Bahnhof",13.315044,48.40627800000001,"Pocking, Bahnhof",PPOB
4108,"Pocking, Förderschule",13.319332,48.408309,"Pocking, Förderschule",PPOS
4106,"Pocking, Friedhof",13.30193,48.40126,"Pocking, Friedhof",4106
4107,"Pocking, Gymnasium",13.325175,48.400551,"Pocking, Gymnasium",PPOG
960,"Pocking, Hauptschule",13.315832,48.40104,"Pocking, Hauptschule",PPHS
7601,"Pocking, OBI",13.31082,48.3932545,"Pocking, OBI",PPOI
4111,"Pocking, Rathaus",13.310539,48.399825500000006,"Pocking, Rathaus",PPOR
4325,"Pocking, Süd",13.315247,48.3938165,"Pocking, Süd",4325
15037,"Pocking, Zentrum",13.31088,48.401557,"Pocking, Zentrum",15037
4190,"Pocking,Passauer-Str./Förd.sch",13.320305,48.4071905,"Pocking,Passauer-Str./Förd.sch",4190
16605,Rottau,13.343795,48.4257565,Rottau,16605
9378,"Schlupfing, Kieswerk",13.331942,48.4035225,"Schlupfing, Kieswerk",9378
4318,Haar bei Pocking,13.3783165,48.390005,Haar bei Pocking,PHPG
4226,Niederindling,13.3658845,48.4068115,Niederindling,4226
4227,Oberindling,13.3458915,48.406967,Oberindling,4227
5769,Prenzing,13.1388516,48.3116214,Prenzing,PPRZ
11369,Rotkreuzfeld,13.339749,48.411089,Rotkreuzfeld,11369
4340,"Aigen (Inn), Kirche",13.260021,48.307277,"Aigen (Inn), Kirche",PAKC
5939,"Aigen (Inn), Leonhardikirche",13.2596535,48.309932,"Aigen (Inn), Leonhardikirche",5939
4288,"Aigen (Inn), Ortsmitte",13.2618105,48.3083635,"Aigen (Inn), Ortsmitte",4288
4129,"Aigen (Inn), Schule",13.2631505,48.310579,"Aigen (Inn), Schule",PASU
4130,Hart bei Aigen (Inn),13.2466515,48.319737,Hart bei Aigen (Inn),4130
4336,"Hart, Abzw Wendlmuth",13.2377865,48.3284305,"Hart, Abzw Wendlmuth",PHAW
5937,Holzhäuser bei Aigen(Inn),13.2780365,48.324672,Holzhäuser bei Aigen(Inn),5937
4332,Voglarn bei Malching,13.216169,48.317725,Voglarn bei Malching,4332
1768,"Voglarn bei Malching, Hs-Nr.8",13.221194,48.3197665,"Voglarn bei Malching, Hs-Nr.8",PVBM
16335,Wendlmuth,13.229975,48.322909,Wendlmuth,16335
11990,"Egglfing, Alte Innstraße",13.316974,48.327111,"Egglfing, Alte Innstraße",PEFA
11862,"Egglfing, Campingplatz",13.315234,48.33314,"Egglfing, Campingplatz",11862
11863,"Egglfing, Egglfinger Hof",13.314322,48.328053,"Egglfing, Egglfinger Hof",11863
11865,"Egglfing, Mineralienhaus",13.31122,48.325317,"Egglfing, Mineralienhaus",PEGM
11867,"Egglfing, Recyclinghof",13.327687,48.337948,"Egglfing, Recyclinghof",11867
11866,"Egglfing, Schopperweg",13.317047,48.330308,"Egglfing, Schopperweg",11866
11926,"Egglfing, Sparkasse",13.313858,48.327842,"Egglfing, Sparkasse",PEKK
11991,"Egglfing, Treidlerweg",13.315122,48.32412,"Egglfing, Treidlerweg",PEFT
4128,"Irching, Forststraße",13.270423999999998,48.319132,"Irching, Forststraße",4128
5938,"Irching, Ortsmitte",13.274516,48.3193395,"Irching, Ortsmitte",PIOT
4623,"Irching, West",13.265282,48.320679,"Irching, West",4623
4115,"Bad Füssing, Abzw Johannesbad",13.32883,48.3469235,"Bad Füssing, Abzw Johannesbad",PFAJ
11849,"Bad Füssing, Andreas-Hofer-Str.",13.3148798,48.3579066,"Bad Füssing, Andreas-Hofer-Str.",11849
11850,"Bad Füssing, Camping Holmernhof",13.3066645,48.3579575,"Bad Füssing, Camping Holmernhof",11850
16459,"Bad Füssing, Eitlöd 2",13.329723364781714,48.35694125,"Bad Füssing, Eitlöd 2",16459
4303,"Bad Füssing, Europa-Therme",13.318958,48.35109799999999,"Bad Füssing, Europa-Therme",PEUT
16146,"Bad Füssing, Friedhof",13.3034456,48.3553962,"Bad Füssing, Friedhof",16146
4120,"Bad Füssing, Füssinger Hof",13.3113115,48.3538755,"Bad Füssing, Füssinger Hof",PBFH
11857,"Bad Füssing, Getränkemarkt",13.3114598,48.3615453,"Bad Füssing, Getränkemarkt",11857
4326,"Bad Füssing, Hochhaus Schwarz",13.3311435,48.3477005,"Bad Füssing, Hochhaus Schwarz",4326
11851,"Bad Füssing, Hofgartenweg/Aldi",13.3012265,48.3482405,"Bad Füssing, Hofgartenweg/Aldi",11851
11852,"Bad Füssing, Hotel Panland",13.3110785,48.3527845,"Bad Füssing, Hotel Panland",PBFP
4305,"Bad Füssing, Johannesbad",13.328209,48.348115,"Bad Füssing, Johannesbad",PBFJ
4306,"Bad Füssing, Kath. Kirche",13.315149,48.3504665,"Bad Füssing, Kath. Kirche",PBFK
11853,"Bad Füssing, Kurplatz/Geml",13.316303,48.3527,"Bad Füssing, Kurplatz/Geml",PBFG
11854,"Bad Füssing, Lindenstrasse",13.309093,48.35171,"Bad Füssing, Lindenstrasse",11854
11855,"Bad Füssing, Ludwig-Thoma-Weg",13.3207386,48.3490124,"Bad Füssing, Ludwig-Thoma-Weg",11855
11856,"Bad Füssing, Pappelallee",13.3062095,48.351811,"Bad Füssing, Pappelallee",11856
16741,"Bad Füssing, Pappelallee/Friedhof",13.3034456,48.3553962,"Bad Füssing, Pappelallee/Friedhof",16741
16463,"Bad Füssing, Rathausstr. 14",13.31527474385409,48.3499461,"Bad Füssing, Rathausstr. 14",16463
4122,"Bad Füssing, Seniorenheim",13.305032,48.3483245,"Bad Füssing, Seniorenheim",4122
11858,"Bad Füssing, Sonnenstrasse",13.308168,48.354374500000006,"Bad Füssing, Sonnenstrasse",11858
4302,"Bad Füssing, Thermalres. Köck",13.314313,48.356296,"Bad Füssing, Thermalres. Köck",4302
11859,"Bad Füssing, Therme I /Saunahof",13.3124385,48.354265,"Bad Füssing, Therme I /Saunahof",11859
11860,"Bad Füssing, Wohnbau Schwarz",13.331305,48.350164,"Bad Füssing, Wohnbau Schwarz",11860
4116,"Riedenburg, Badehaus Kranzmann",13.323392,48.344419,"Riedenburg, Badehaus Kranzmann",PBRP
11869,"Riedenburg, Schloßtaverne",13.3212565,48.344508,"Riedenburg, Schloßtaverne",11869
4020,"Safferstetten, Bachstraße",13.3075375,48.3464635,"Safferstetten, Bachstraße",PSFB
11870,"Safferstetten, Birkenallee",13.3111195,48.34914,"Safferstetten, Birkenallee",11870
4118,"Safferstetten, Dorfplatz",13.310273,48.3457365,"Safferstetten, Dorfplatz",PBSD
4124,"Safferstetten, Feuerwehrhaus",13.312967,48.3435885,"Safferstetten, Feuerwehrhaus",4124
11871,"Safferstetten, Haus Alexandra",13.311264,48.346664,"Safferstetten, Haus Alexandra",11871
4117,"Safferstetten, Riedlhof",13.3093525,48.345802,"Safferstetten, Riedlhof",4117
4307,"Safferstetten, Schuhh. Huber",13.314135,48.34813233333333,"Safferstetten, Schuhh. Huber",PSSH
4319,"Beham, Abzw",13.3777795,48.379915,"Beham, Abzw",4319
4112,Pram,13.323618,48.3854675,Pram,4112
5968,"Reindlöd, Abzw",13.332352,48.376427,"Reindlöd, Abzw",5968
4316,"Würding, Am Gänseacker",13.3479,48.35506,"Würding, Am Gänseacker",PBWS
11874,"Würding, Martinweg",13.3377735,48.3497885,"Würding, Martinweg",PWMW
4114,"Würding, Raiffeisenbank",13.3456715,48.3527225,"Würding, Raiffeisenbank",PBWH
11875,"Würding, U.Inntalstr./Hochrainstr.",13.3415859,48.3519528,"Würding, U.Inntalstr./Hochrainstr.",11875
4341,"Würding, Weidach",13.337995,48.3666085,"Würding, Weidach",4341
2440,Gögging,13.372473,48.366912,Gögging,2440
9376,Mitterreuthen,13.3630945,48.366380500000005,Mitterreuthen,9376
4321,Oberreuthen,13.3593995,48.3633885,Oberreuthen,POBR
9377,Unterreuthen,13.364989,48.3695505,Unterreuthen,9377
4322,Voglöd bei Würding,13.3694105,48.371998000000005,Voglöd bei Würding,4322
4677,"Tittling, Eurospar",13.3791801,48.7218468,"Tittling, Eurospar",4677
5562,"Hofkirchen, Marktplatz",13.116994,48.6777704,"Hofkirchen, Marktplatz",5562
4430,"Künzing/Girching, Gh Römerhof",13.0801329,48.6687276,"Künzing/Girching, Gh Römerhof",4430
4425,"Pleinting, Bahnunterführung",13.1290644,48.6592429,"Pleinting, Bahnunterführung",4425
5600,"Osterhofen, Fa Blöchl",13.0290449,48.6963728,"Osterhofen, Fa Blöchl",5600
2352,"Seestetten, Seestettenerstraße",13.3018067,48.6061597,"Seestetten, Seestettenerstraße",2352
4435,"Osterhofen, Abzw. Krankenhaus",13.0135605,48.705362,"Osterhofen, Abzw. Krankenhaus",4435
4431,Bruck/Künzing,13.0747444,48.6678818,Bruck/Künzing,4431
4434,"Osterhofen, Altenheim",13.0167163,48.7037359,"Osterhofen, Altenheim",4434
4424,Einöd bei Pleinting,13.1454554,48.6567447,Einöd bei Pleinting,4424
5601,"Osterhofen, Realschule",13.0180907,48.6996461,"Osterhofen, Realschule",5601
6779,"Niederalteich, Gymnasium",13.0311638,48.7656411,"Niederalteich, Gymnasium",6779
16183,"Bad Griesbach, Würm",13.2201219,48.4836608,"Bad Griesbach, Würm",16183
16254,"Gottsdorf, Riedler Str. 15",13.7299781,48.5310529,"Gottsdorf, Riedler Str. 15",16254
4380,"Fürstenzell, MVZ",13.3249998,48.5230631,"Fürstenzell, MVZ",4380
4381,"Fürstenzell, Gymnasium Innenhof",13.3228233,48.5208211,"Fürstenzell, Gymnasium Innenhof",4381
4427,"Pleinting, Hauptstraße",13.1176436,48.6599232,"Pleinting, Hauptstraße 94",4427
4426,"Pleinting, Kriegerdenkmal",13.1228776,48.660766,"Pleinting, Kriegerdenkmal",4426
4216,Reuth,13.4405583,48.5004928,Reuth,4216
4390,"Schmidham, Post",13.2529848,48.4797012,"Schmidham, Post",4390
4470,Aldersbach-Wifling,13.0939568,48.5901081,Aldersbach-Wifling,4470
4433,"Osterhofen, Stadtplatz",13.019692,48.702075,"Osterhofen, Stadtplatz",4433
5895,Alkofen bei Vilshofen,13.142938,48.634108,"Alkofen bei Vilshofen, Ernst",5895
5380,"Passau, Zahnradfabrik, Werk 1",13.4943436,48.5769791,"Passau, Zahnradfabrik, Werk 1",5380
4125,Egglfing,13.3140945,48.3284208,Egglfing,4125
4985,Ramling,13.4687731,48.6955705,Ramling,4985
4540,Schmalhof,13.1883439,48.6382457,"Schmalhof, Am Flugplatz",4540
